投诉编号,投诉品牌,投诉车系,投诉车型,问题简述,典型问题,典型问题2,典型问题4,典型问题6,典型问题8,典型问题10,投诉时间,投诉状态
487960,奔驰（进口）,奔驰R级,2017款 R 320 4MATIC 商务型臻藏版,进口奔驰R级发动机故障灯亮电路板烧毁,发动机,故障灯亮,车身附件及电器,车身漏水,承诺不兑现,服务承诺不兑现,2020/6/24,信息审核
487958,众泰汽车,众泰SR7,2016款 1.5T 手动 魔方之路版 国IV,众泰SR7减震器漏油严重厂家无配件提供,前后桥及悬挂系统,减震器漏油,,配件争议,配件争议,无零配件,2020/6/24,信息审核
487957,东风雪铁龙,雪铁龙C4L,2014款 1.8L 自动 智驱版 劲智型,东风雪铁龙C4L方向盘上下左右松动,转向系统,方向盘自由间隙过大,,,,,2020/6/24,信息审核
487955,广汽本田,雅阁,2018款 230TURBO 舒适版 国V,广汽本田雅阁高速行驶中踩油门没有反应,发动机,动力消失,,,,,2020/6/24,厂家受理
487954,北汽新能源,北汽新能源EC,2017款 EC200 灵动版,北汽新能源EC全车断电 售后无配件维修,发动机,电驱动控制器故障,,配件争议,配件争议,无零配件,2020/6/24,厂家受理
487952,广汽乘用车,传祺GS5,2019款 270T 自动 豪华版,广汽传祺GS5发动机无法启动要求解决,发动机,无法启动,,,,,2020/6/24,信息审核
487951,上汽集团,荣威RX5 MAX,2019款 400TGI 自动 智能座舱豪华版,上汽荣威RX5 MAX经销商出售库存车,,承诺不兑现,,销售欺诈,承诺不兑现,销售承诺不兑现,2020/6/24,厂家受理
487945,江淮汽车,瑞风S3,2015款 1.5L 手动 豪华智能尊享版,江淮瑞风S3维修人员喷漆后车漆脱落,,人员技术,,,人员技术,维修技术差,2020/6/24,信息审核
487943,吉利汽车,博越,2020款 1.8TD DCT 智慧PRO,吉利博越变速箱挡位灯与厂家宣传不符,,销售欺诈,,,销售欺诈,与宣传不符,2020/6/24,信息审核
487941,东风标致,标致408,2015款 1.2T 自动 豪华版,东风标致408更换正时皮带后发动机损坏,,人员技术,,,人员技术,修出新问题,2020/6/24,信息审核
487938,吉利汽车,帝豪GL,2017款 1.3T 手动 精英型,吉利帝豪GL离合器分泵漏油存在质量问题,离合器,漏油,,,,,2020/6/24,信息审核
487935,上汽大众,途观L,2017款 380TSI 四驱 旗舰版,上汽大众途观L变速箱异响严重希望处理,变速器,异响,,,,,2020/6/24,信息审核
487932,众泰汽车,众泰T700,2017款 1.8T 双离合 尊贵型,众泰T700离合器打滑 发动机报警 换挡顿挫,发动机,故障灯亮,变速器,顿挫,,,2020/6/24,信息审核
487930,吉利汽车,缤越,2019款 260T DCT 骑士 国VI,"吉利缤越减震器过软 车辆风噪大	",前后桥及悬挂系统,行驶中颠簸,车身附件及电器,车内异响,,,2020/6/24,信息审核
487929,吉利汽车,博越,2016款 1.8TD 自动 两驱 智联型,吉利博越变速箱异响顿挫希望处理,变速器,异响,变速器,顿挫,,,2020/6/24,信息审核
487926,广汽本田,缤智,2015款 1.5L CVT 两驱舒适型,广汽本田缤智停车怠速时车辆窜动明显,变速器,抖动,,,,,2020/6/24,厂家受理
487922,东风标致,标致408,2015款 1.2T 自动 豪华版,东风标致408正时皮带掉毛 发动机烧机油,发动机,烧机油,发动机,缸内有异物,,,2020/6/24,信息审核
487919,奇瑞新能源,奇瑞eQ1,2019款 小蚂蚁 智享版 4座 30.6kWh,奇瑞eQ1销售价格不透明商家克扣厂家补助,,服务收费,,,服务收费,价格不透明,2020/6/24,信息审核
487918,长安汽车,长安CS15,2016款 1.5L 手动 时尚版,长安CS15缺少随车工具希望尽快处理,,服务流程不完善,,,服务流程不完善,原车配套不全,2020/6/24,厂家受理
487917,吉利汽车,星越,2020款 350T 驭星者,吉利星越车机卡顿黑屏 雨刷器异响,车身附件及电器,车载互联故障,车身附件及电器,雨刮器故障,销售欺诈,与宣传不符,2020/6/24,信息审核
487916,东风标致,标致408,2014款 1.8L 自动 豪华版,东风标致408空调压缩机损坏无法制冷,车身附件及电器,空调问题,,,,,2020/6/24,信息审核
487911,上汽通用五菱,五菱宏光,2018款 1.2L S 基本型 经典款,上汽通用五菱宏光4S店售后态度极差,,服务态度,,,服务态度,态度蛮横,2020/6/24,信息审核
487909,东南汽车,东南DX3,2017款 1.5T 手动 尊贵型,"东南DX3正常行驶中发生自燃存在质量问题	",车身附件及电器,车辆自燃,,,,,2020/6/24,信息审核
487905,长安马自达,马自达3 昂克赛拉,2020款 1.5L 自动 质美版,"长安马自达昂克赛拉变速箱顿挫 发动机抖动	",发动机,抖动,变速器,顿挫,,,2020/6/24,信息审核
487904,跃进,C500,轻卡,跃进C500发动机不烧尿素变速箱故障,发动机,故障灯亮,发动机,无法启动,服务态度,不解决问题,2020/6/24,信息审核
487903,上汽集团,锐腾,2015款 1.5TGI TST 豪华版,上汽名爵锐腾维修人员操作失误致电瓶报废,,服务态度,,人员技术,服务态度,不解决问题,2020/6/24,厂家受理
487901,上汽斯柯达,速派,2016款 TSI280 DSG 创行版,斯柯达速派主驾驶侧车窗无法正常下降,车身附件及电器,车窗升降故障,,,,,2020/6/24,信息审核
487899,吉利汽车,博越,2020款 1.8TD DCT 智领PRO,吉利博越简配挡位及雾灯 希望厂家尽快解决,,销售欺诈,,,销售欺诈,与宣传不符,2020/6/24,信息审核
487897,吉利汽车,星越,2019款 300T 耀星者,吉利星越车机系统升级后仍然卡顿,,服务流程不完善,,,服务流程不完善,系统升级问题,2020/6/24,信息审核
487896,奔驰（进口）,奔驰B级,2009款 2.0L CVT 200 时尚型,"进口奔驰B级变速箱阀体故障出现顿挫	",变速器,顿挫,变速器,电脑板故障,,,2020/6/24,信息审核
487895,一汽丰田,锐志,2009款 2.5S 舒适版 新锐志 REIZ,一汽丰田锐志中控仪表台开裂希望尽快处理,车身附件及电器,仪表台开裂,,,,,2020/6/24,信息审核
487893,奔驰（进口）,奔驰S级,2020款 S 350 L 尊享型 臻藏版,进口奔驰S级漏防冻液 油表不显示,发动机,漏防冻液,车身附件及电器,仪表故障,,,2020/6/24,信息审核
487892,华晨宝马,宝马X1,2016款 xDrive20Li 豪华型,华晨宝马X1启动车辆后防侧滑故障灯亮,车身附件及电器,行车安全辅助系统故障,,,,,2020/6/24,厂家受理
487888,吉利汽车,博越,2020款 1.8TD DCT 智尊PRO,吉利博越挡位指示灯和雾灯与宣传不符,,销售欺诈,,,销售欺诈,与宣传不符,2020/6/24,信息审核
487887,华晨中华,中华H230EV,2017款 豪华型,中华H230EV动力电池故障希望解决,车身附件及电器,动力电池故障,,,,,2020/6/24,信息审核
487886,华晨宝马,宝马X3,2019款 xDrive28i 豪华套装,华晨宝马X3天窗周围顶棚漏水质量差,车身附件及电器,天窗漏水,,,,,2020/6/24,厂家受理
487882,奇瑞汽车,瑞虎8,2018款 1.5TCI 手动 豪华型 7座,奇瑞瑞虎8过减速带后悬挂异响严重,前后桥及悬挂系统,底盘异响,,,,,2020/6/24,信息审核
487877,长安汽车,悦翔V5,2012款 1.5L 手动 梦幻型 国IV,长安悦翔V5电路故障行驶中断电轮毂变形,车身附件及电器,轮毂问题,车身附件及电器,电路故障,,,2020/6/24,厂家受理
487875,上汽大众,途观L,2019款 330TSI 自动 两驱 全景舒适版 国V,上汽大众途观L天窗漏水4S店订件时间长,车身附件及电器,天窗漏水,,服务态度,服务态度,不解决问题,2020/6/24,信息审核
487873,一汽奔腾,奔腾T99,2019款 20TD 自动 旗舰型,一汽奔腾T99电瓶亏电导致车辆无法启动,车身附件及电器,电瓶故障,,,,,2020/6/24,处理反馈
487871,上汽大众,途铠,2020款 1.5L 自动 舒适版,上汽大众途铠车身有严重漏水的现象,车身附件及电器,车身漏水,,,,,2020/6/24,信息审核
487869,一汽丰田,皇冠,2015款 2.5L 智享版,一汽丰田皇冠安全气囊游丝故障导致故障报警,车身附件及电器,气囊故障,,,,,2020/6/24,信息审核
487865,北京现代,领动,2018款 1.4T 双离合 炫动·活力型,北京现代领动变速箱异响顿挫4S店不给处理,变速器,异响,变速器,顿挫,服务态度,不解决问题,2020/6/24,信息审核
487863,上汽大众,Polo,2013款 POLO 1.6 自动 舒适版,上汽大众Polo车辆出险经销商私自定损维修,,服务态度,,销售欺诈,服务态度,不解决问题,2020/6/24,信息审核
487862,吉利汽车,星越,2019款 300T 耀星者,吉利星越车机系统升级后仍然无法正常使用,,服务流程不完善,,,服务流程不完善,系统升级问题,2020/6/24,处理反馈
487861,北京奔驰,奔驰C级,2015款 180 L 运动型,北京奔驰C级正常行驶过程中发动机爆缸,发动机,缸体破损,,,,,2020/6/24,信息审核
487860,吉利汽车,星越,2019款 350T AWD 驭星者,吉利星越车机死机软件版本老旧与宣传不符,车身附件及电器,车载互联故障,,销售欺诈,销售欺诈,与宣传不符,2020/6/24,处理反馈
487858,吉利汽车,博越,2020款 1.8TD DCT 智尊PRO,吉利博越变速箱没有挡位灯没有前雾灯,,销售欺诈,,,销售欺诈,与宣传不符,2020/6/24,处理反馈
487857,华晨宝马,宝马X1,2018款 sDrive20Li 领先型,华晨宝马X1发动机支架断裂 球笼套损坏,发动机,发动机下沉,前后桥及悬挂系统,球笼套漏油,,,2020/6/24,厂家受理
487856,众泰汽车,众泰SR9,2017款 2.0T 自动 极致之路版,众泰SR9行驶中挡位及刹车失灵 轮胎摆动,变速器,电脑板故障,制动系统,刹车失灵,,,2020/6/24,处理反馈
487852,奇瑞汽车,捷途X70,2020款 1.5T 手动 悦行版 6座,捷途X70行车记录仪模糊 车道偏离预警失灵,车身附件及电器,影音系统故障,车身附件及电器,行车安全辅助系统故障,,,2020/6/24,处理反馈
487850,长安马自达,马自达3 昂克赛拉,2017款 1.5L 自动 豪华型 三厢 国V,长安马自达昂克赛拉中控显示屏开胶,车身附件及电器,部件开裂,,,,,2020/6/24,厂家受理
487848,东风悦达起亚,起亚K3,2016款 1.6L 自动 GLS,东风悦达起亚K3打方向时存在严重异响,转向系统,异响,,,,,2020/6/24,厂家受理
487847,吉利汽车,帝豪GL,2017款 1.3T 自动 精英型,吉利帝豪GL倒挡挂不上维修后未解决,变速器,无法换挡,,,,,2020/6/24,用户评分
487845,东风雪铁龙,雪铁龙C2,2007款 1.6 自动 VTS SX,东风雪铁龙C2变速箱故障灯亮挡位锁定,变速器,无法换挡,变速器,故障灯亮,,,2020/6/24,处理反馈
487844,上汽通用五菱,宝骏530,2018款 1.5T DCT 旗舰型 国V,宝骏530变速箱召回方案时间太长不合理,,其他,,,,,2020/6/24,厂家受理
487843,奇瑞汽车,瑞虎7,2018款 1.5T 自动 劲享版 FLY款 国VI,奇瑞瑞虎7驾驶室车门异响 车门焊接多处开裂,前后桥及悬挂系统,车轮异响,车身附件及电器,门窗异响,,,2020/6/24,信息审核
487841,大众（进口）,Tiguan,2018款 330TSI 四驱 创睿型,进口大众Tiguan辅助传感器无数据故障,车身附件及电器,传感器故障,,,,,2020/6/24,信息审核
487838,江淮汽车,瑞风M3,2016款 1.6L 豪华型 宜家版,江淮瑞风M3空调控制面板失灵影响使用,车身附件及电器,影音系统故障,,,,,2020/6/24,处理反馈
487836,广汽本田,飞度,2014款 1.5L CVT LX舒适型,广汽本田飞度发动机冷车VTEC控制器异响,发动机,异响,,,,,2020/6/24,厂家受理
487835,一汽-大众,探岳,2019款 330TSI 两驱 豪华型Plus 国VI,一汽大众探岳车灯透视发白影响视线,车身附件及电器,车灯不亮,,,,,2020/6/24,用户评分
487834,奇瑞汽车,瑞虎8,2019款 1.6TGDI 自动 精英型,奇瑞瑞虎8引擎盖生锈4S店出售库存车,车身附件及电器,车身生锈,,销售欺诈,销售欺诈,出售库存车,2020/6/24,信息审核
487829,东风标致,标致408,2015款 1.2T 自动 豪华版,东风标致408涡轮增压器故障导致噪音大,发动机,噪音大,发动机,烧机油,,,2020/6/24,处理反馈
487828,奇瑞汽车,瑞虎5x,2019款 HERO 1.5L 手动 都市版,奇瑞瑞虎5x油位感应异常 车身生锈,车身附件及电器,车身生锈,车身附件及电器,汽油泵故障,,,2020/6/24,处理反馈
487823,北京现代,索纳塔八,2011款 2.0 GLS领先版,"北京现代索纳塔八中控台塑料件开裂	",车身附件及电器,仪表台开裂,,,,,2020/6/24,信息审核
487819,北京奔驰,奔驰C级,2019款 C 180 L 时尚型运动版,北京奔驰C级发动机故障灯亮电子水泵损坏,发动机,故障灯亮,发动机,冷却系统故障,,,2020/6/24,信息审核
487813,北京奔驰,奔驰GLB,2020款 GLB 200 时尚型,北京奔驰GLB发动机漏油希望厂家尽快处理,发动机,漏油,,,,,2020/6/24,信息审核
487808,吉利汽车,博越,2020款 1.8TD DCT 智尊PRO,吉利博越变速箱无挡位灯与宣传不符,,销售欺诈,,,销售欺诈,与宣传不符,2020/6/24,用户评分
487801,东风日产,天籁,2011款 2.5 XV CVT 尊雅版 公爵,东风日产天籁仪表台开裂存在质量问题,车身附件及电器,仪表台开裂,,,,,2020/6/24,处理反馈
487800,上汽集团,名爵ZS,2017款 1.5L 自动 尊享互联网版,上汽名爵ZS发动机故障灯亮要求尽快解决,发动机,故障灯亮,,,,,2020/6/24,厂家受理
487799,北京奔驰,奔驰GLB,2020款 GLB 200 时尚型,北京奔驰GLB后排右侧饰板行驶中有异响,车身附件及电器,车内异响,,人员技术,人员技术,多次返修,2020/6/24,信息审核
487798,北京现代,现代ix35,2019款 2.0L 自动 两驱 智勇·畅享版 国V,北京现代ix35变速箱故障4S店维修后未解决 ,变速器,顿挫,变速器,无法加速,人员技术,多次返修,2020/6/24,信息审核
487795,上汽大众,途昂,2020款 380TSI 四驱 豪华版 国VI,上汽大众途昂4S店售后不解决问题 态度差,,服务态度,,服务态度,服务态度,不解决问题,2020/6/24,信息审核
487791,广汽丰田,凯美瑞,2019款 2.0G 豪华版 国VI,广汽丰田凯美瑞发动机启停系统故障,车身附件及电器,车钥匙故障,车身附件及电器,发动机启停系统故障,,,2020/6/24,处理反馈
487789,众泰汽车,云100,2018款 云100 PLUS 智享型,众泰云100行驶中熄火无法启动4S店无配件,发动机,电动机故障,,配件争议,配件争议,无零配件,2020/6/24,信息审核
487786,长城汽车,哈弗H2s,2017款 1.5T 自动 舒适型 蓝标,哈弗H2s空调无法控制行驶时车辆跑偏,发动机,故障灯亮,变速器,无法加速,,,2020/6/24,处理反馈
487784,东风雪铁龙,雪铁龙C4L,2014款 1.8L 手动 智驱版 劲享型,东风雪铁龙C4L转向间隙大导致异响,转向系统,异响,转向系统,方向盘自由间隙过大,,,2020/6/24,处理反馈
487783,广汽丰田,雷凌,2019款 185T CVT 豪华版 国VI,广汽丰田雷凌转向异响多次维修厂家不回复,变速器,异响,变速器,顿挫,,,2020/6/24,处理反馈
487782,吉利汽车,星越,2019款 350T 驭星者,吉利星越换挡拨片功能缺失 车机无法使用,车身附件及电器,车载互联故障,,销售欺诈,销售欺诈,与宣传不符,2020/6/24,处理反馈
487780,奇瑞汽车,捷途X95,2020款 1.6T DCT 探索Pro版 7座,捷途X95天窗导水槽及转向灯存在缺陷,,其他,,,,,2020/6/24,处理反馈
487779,吉利汽车,嘉际,2019款 1.5TD MHEV DCT 耀享型,吉利嘉际转向机渗油 备胎出现磨损,转向系统,漏油,车身附件及电器,后备箱故障,,,2020/6/24,处理反馈
487778,长城汽车,哈弗M6,2018款 1.5T 手动 两驱 精英型,哈弗M6行驶过程中车辆跑偏 地胶鼓包,前后桥及悬挂系统,跑偏,车身附件及电器,部件开裂,,,2020/6/24,用户评分
487777,东风标致,标致408,2016款 1.6T 自动 豪华版,东风标致408喷油嘴故障导致发动机抖动,发动机,喷油嘴故障,,,,,2020/6/24,处理反馈
487773,广汽本田,雅阁,2018款 260TURBO 精英版 国VI,广汽本田雅阁雨天高速行驶过程中失速,发动机,动力消失,,,,,2020/6/24,厂家受理
487770,福田汽车,奥铃,2007款 BJ1049V8JEA-B,福田奥铃捷运服务站服务态度差不解决问题,,服务态度,,服务收费,服务态度,不解决问题,2020/6/24,信息审核
487768,奇瑞汽车,捷途X70S,2019款 X70S 1.5T 手动 征途版 国V,捷途X70S配件质量差导致故障问题多,,配件争议,,,配件争议,配件质量差,2020/6/24,处理反馈
487767,广汽乘用车,传祺GS5,2019款 270T 自动 精英版,广汽传祺GS5换挡顿挫 前轮刹车异响,变速器,顿挫,制动系统,异响,,,2020/6/24,处理反馈
487762,吉利汽车,星越,2019款 350T 驭星者,吉利星越4S店销售库存车 服务承诺不兑现,车身附件及电器,车身异响,,承诺不兑现,承诺不兑现,服务承诺不兑现,2020/6/24,用户评分
487761,上汽大众,朗逸,2013款 1.4TSI DSG舒适版,上汽大众朗逸变速箱机电单元损坏4S店不保修,变速器,故障灯亮,变速器,电脑板故障,服务态度,不予索赔,2020/6/24,信息审核
487760,一汽-大众,迈腾,2020款 330TSI DSG 领先型,一汽大众迈腾行驶过程中后门天窗有异响,转向系统,异响,车身附件及电器,门窗异响,,,2020/6/24,处理反馈
487759,奇瑞汽车,艾瑞泽5,2016款 1.5L 手动 领潮版,奇瑞艾瑞泽5发动机渗油售后不予质保,发动机,漏油,,,,,2020/6/24,处理反馈
487757,新特汽车,SITECH DEV 1,2018款 创睿版,新特SITECH DEV 1配件质量差频繁故障,车身附件及电器,影音系统故障,车身附件及电器,空调问题,,,2020/6/24,信息审核
487746,北京现代,领动,2016款 1.6L 自动 智炫·精英型,北京现代领动行驶跑偏 发动机抖动,发动机,抖动,前后桥及悬挂系统,跑偏,,,2020/6/24,信息审核
487744,上汽集团,名爵6,2019款 20T 自动 运动版,上汽名爵6变速箱异响存在质量问题,变速器,异响,,,,,2020/6/24,信息审核
487741,吉利汽车,帝豪,2017款 1.5L CVT 向上版 三厢 百万款,吉利帝豪刹车疲软 存在安全隐患,制动系统,刹车偏软,,,,,2020/6/24,处理反馈
487740,上汽集团,名爵6,2018款 20T 自动 豪华智联版 国VI,上汽名爵6踩刹车异响4S店多次维修不保修,制动系统,异响,,服务态度,服务态度,不解决问题,2020/6/24,用户评分
487739,上汽集团,名爵ZS,2019款 1.5L 手动 65寸巨幕天窗全球版 国VI,上汽名爵ZS发动机高温熄火厂家不回复,发动机,冷却系统故障,,服务态度,服务态度,不解决问题,2020/6/24,处理反馈
487736,吉利汽车,帝豪,2019款 领军版 1.5L 手动 豪华型 国VI,吉利帝豪发动机脚垫前摆臂横梁有维修痕迹,,销售欺诈,,,销售欺诈,出售库存车,2020/6/24,处理反馈
487734,广汽丰田,汉兰达,2018款 2.0T 四驱 豪华版 7座 国VI,广汽丰田汉兰达扶手箱滑轨断裂4S店不保修,车身附件及电器,部件开裂,,服务态度,服务态度,不予索赔,2020/6/24,处理反馈
487727,东风标致,标致4008,2017款 350THP 精英版,东风标致4008服务站未将保养记录上传,,人员技术,,,人员技术,操作不规范,2020/6/24,信息审核
487724,吉利汽车,帝豪,2014款 1.5L 手动 时尚型 三厢,吉利帝豪变速箱打齿无法正常挂挡,变速器,无法换挡,变速器,机械部件故障,,,2020/6/24,用户评分
487720,一汽-大众,探岳,2019款 征途版 280TSI 两驱 豪华型 国Ⅵ,一汽大众探岳喇叭声音发闷影响使用,车身附件及电器,喇叭故障,,,,,2020/6/24,用户评分
487718,一汽丰田,RAV4荣放,2016款 2.0L CVT 两驱 风尚版 国V,一汽丰田RAV4荣放尾灯自然开裂质量差,车身附件及电器,灯罩裂纹或变形,,服务态度,服务态度,不解决问题,2020/6/24,信息审核
487717,奇瑞汽车,艾瑞泽7,2016款 1.6L CVT 致尚版,奇瑞艾瑞泽7车门生锈存在质量问题,车身附件及电器,车身生锈,,,,,2020/6/24,处理反馈
487712,吉利汽车,博越,2020款 1.8TD DCT 智尊PRO,吉利博越实车无挡位显示灯与宣传不符,,销售欺诈,,,销售欺诈,与宣传不符,2020/6/24,用户评分
487711,沃尔沃（进口）,沃尔沃V40,2019款 T4 智雅版,进口沃尔沃V40经销商手续办理缓慢,,服务态度,,服务流程不完善,服务态度,故意拖延,2020/6/24,信息审核
487710,一汽-大众奥迪,奥迪A3,2020款 Limousine 35 TFSI 运动型 国VI,一汽大众奥迪A3新车无法缴纳购置税,,销售欺诈,,,销售欺诈,出售问题车,2020/6/24,信息审核
487709,广汽本田,飞度,2014款 1.5L CVT SE时尚型,广汽本田飞度发动机无法启动要求解决,发动机,无法启动,,,,,2020/6/24,厂家受理
487702,长安马自达,马自达3 昂克赛拉,2016款 1.5L 自动 豪华型 三厢,长安马自达昂克赛拉中控屏开裂影响正常使用,车身附件及电器,影音系统故障,,,,,2020/6/23,厂家受理
487696,广汽丰田,凯美瑞,2019款 2.0G 豪华版 国VI,广汽丰田凯美瑞发动机舱内进入泥沙,,其他,,,,,2020/6/23,处理反馈
487694,广汽丰田,雷凌,2017款 185T CVT 精英版 国V 改款,广汽丰田雷凌仪表台开裂 车内有异响,车身附件及电器,仪表台开裂,车身附件及电器,车内异响,,,2020/6/23,处理反馈
487692,北京现代,瑞纳,2017款 1.4L 手动 焕彩版 国V,北京现代瑞纳发动机异响一直没有处理好,发动机,异响,,,,,2020/6/23,信息审核
487688,一汽丰田,亚洲龙,2019款 双擎 2.5L XLE 尊贵版 国Ⅵ,一汽丰田亚洲龙行驶中天窗和车身有异响,车身附件及电器,车身异响,车身附件及电器,天窗异响,,,2020/6/23,信息审核
487686,江铃汽车,驭胜S350,2016款 2.4T 自动 四驱 柴油 豪华版 5座,江铃驭胜S350质保期内车身多处有生锈的现象,车身附件及电器,车身生锈,,,,,2020/6/23,信息审核
487685,东风标致,标致408,2019款 350THP 自动 豪华版 国V,东风标致408驾驶位与副驾驶位上方有异响,车身附件及电器,车内异响,,,,,2020/6/23,处理反馈
487681,东南汽车,V5菱致,2014款 1.5T CVT 智控型,东南V5菱致行驶过程中变速箱故障失去动力,变速器,故障灯亮,变速器,无法加速,,,2020/6/23,处理反馈
487679,吉利汽车,星越,2019款 350T 耀星者,吉利星越雨刮器在工作时卡顿而且异响,车身附件及电器,雨刮器故障,,,,,2020/6/23,处理反馈
487672,长安马自达,马自达3 昂克赛拉,2016款 1.5L 手动 豪华型 三厢,长安马自达昂克赛拉中控屏幕爆裂影响使用,车身附件及电器,影音系统故障,车身附件及电器,部件开裂,,,2020/6/23,厂家受理
487671,东风雪铁龙,爱丽舍,2014款 1.6L 手动 时尚型CNG,东风雪铁龙爱丽舍启动后变速箱无法挂挡,变速器,无法换挡,,,,,2020/6/23,处理反馈
487670,一汽-大众奥迪,奥迪A6L,2020款 45 TFSI quattro 臻选致雅型,一汽大众奥迪A6L承诺多色氛围灯实际未配备,,销售欺诈,,,销售欺诈,与宣传不符,2020/6/23,信息审核
487669,福田汽车,奥铃,2007款 BJ1049V8JEA-B,福田奥铃捷运启动后挂一挡发动机无动力,发动机,功率不足,,,,,2020/6/23,信息审核
487668,东风日产,天籁,2019款 2.0T XL 智领版,东风日产天籁行驶时中控台存在金属摩擦声,车身附件及电器,中控台异响,,,,,2020/6/23,用户评分
487667,东风本田,本田CR-V,2019款 耀目版 240TURBO CVT 两驱 舒适版 国VI,东风本田CR-V天窗遮阳帘无法开启 换挡异响,变速器,异响,车身附件及电器,天窗开关异常,,,2020/6/23,用户评分
487666,众泰汽车,众泰T500,2018款 1.5T 手动 尊享型 5座,众泰T500中控显示屏闪烁无法使用,车身附件及电器,影音系统故障,,,,,2020/6/23,处理反馈
487662,长城汽车,哈弗H6 Coupe,2018款 1.5T 自动 两驱 超豪型 蓝标,哈弗H6 Coupe电瓶亏电充电后未解决,车身附件及电器,电瓶故障,,,,,2020/6/23,处理反馈
487660,众泰汽车,众泰T700,2017款 1.8T 双离合 尊贵型,众泰T700方向盘转不动希望尽快解决,转向系统,打方向沉重,转向系统,故障灯亮,,,2020/6/23,处理反馈
487651,一汽-大众奥迪,奥迪A4L,2019款 40 TFSI 时尚型 国VI,一汽大众奥迪A4L变速箱机电单元故障,变速器,电脑板故障,,,,,2020/6/23,信息审核
487647,北京现代,菲斯塔,2019款 280TGDi 运动版 国VI,北京现代菲斯塔4S店不兑现贴膜承诺,,承诺不兑现,,,承诺不兑现,销售承诺不兑现,2020/6/23,信息审核
487645,吉利汽车,缤越,2019款 260T DCT 骑士 国VI,吉利缤越车机系统黑屏死机升级承诺不兑现,车身附件及电器,车载互联故障,,承诺不兑现,承诺不兑现,服务承诺不兑现,2020/6/23,处理反馈
487639,吉利汽车,缤越,2019款 260T DCT 游侠 运动款 国V,吉利缤越车门漏风 系统升级承诺不兑现,车身附件及电器,门窗漏风,,承诺不兑现,承诺不兑现,服务承诺不兑现,2020/6/23,处理反馈
487638,北汽银翔,幻速S6,2017款 1.5T 手动 智能型,北汽幻速S6发动机噪音大后视镜漆面变色,发动机,噪音大,车身附件及电器,车身有色差,,,2020/6/23,信息审核
487635,吉利汽车,吉利icon,2020款 300T i9 BSG,吉利icon厂家置换补贴政策不兑现,,承诺不兑现,,,承诺不兑现,销售承诺不兑现,2020/6/23,处理反馈
487634,奇瑞汽车,捷途X70S,2019款 X70S 1.5T 手动 征途版 国V,捷途X70S发动机冷却风扇固定螺丝脱落,发动机,冷却系统故障,发动机,固定螺栓断裂,,,2020/6/23,用户评分
487619,吉利汽车,缤越,2019款 260T DCT 游侠 国VI,吉利缤越发动机漏油希望厂家处理问题,发动机,漏油,,,,,2020/6/23,信息审核
487615,吉利汽车,嘉际,2019款 1.5TD MHEV DCT 臻享型,吉利嘉际漆面起泡希望厂家处理问题,车身附件及电器,漆面起泡开裂,,,,,2020/6/23,用户评分
487613,长安马自达,马自达CX-5,2015款 2.5L 自动 四驱 旗舰型,长安马自达CX-5中控屏闪屏希望厂家处理,车身附件及电器,影音系统故障,,,,,2020/6/23,厂家受理
487612,吉利汽车,星越,2019款 改款 350T 耀星者,吉利星越贴膜工艺差导致门窗有起泡,,人员技术,,人员技术,人员技术,维修技术差,2020/6/23,用户评分
487609,东风日产,劲客,2017款 1.5L CVT 智行版,东风日产劲客中控卡屏播放音乐断开,车身附件及电器,影音系统故障,,,,,2020/6/23,处理反馈
487605,一汽-大众奥迪,奥迪A6L,2016款 TFSI 双离合 运动型,一汽大众奥迪A6L节温器底座漏液,发动机,漏防冻液,,,,,2020/6/23,信息审核
487603,东风标致,标致408,2016款 1.6T 自动 豪华版,东风标致408减震器异响希望得到处理,前后桥及悬挂系统,减震器异响,,,,,2020/6/23,处理反馈
487602,广汽三菱,欧蓝德,2019款 2.0L 两驱 畅享版 5座 国VI,广汽三菱欧蓝德左后方安全带无法抽出,车身附件及电器,安全带故障,,,,,2020/6/23,厂家受理
487596,北京现代,领动,2020款 1.5L CVT 智炫·精英型,北京现代领动新车顶棚存在明显污渍,,承诺不兑现,,销售欺诈,承诺不兑现,销售承诺不兑现,2020/6/23,信息审核
487588,吉利汽车,吉利GX7,2014款 2.0L 自动 尊贵型,吉利GX7冷车启动发动机异响升挡顿挫,发动机,异响,变速器,顿挫,,,2020/6/23,处理反馈
487587,长安马自达,马自达3 昂克赛拉,2017款 1.5L 自动 豪华型 三厢 国V,长安马自达昂克赛拉减震器异响漏油,前后桥及悬挂系统,减震器异响,前后桥及悬挂系统,减震器漏油,,,2020/6/23,厂家受理
487586,一汽-大众奥迪,奥迪A4L,2019款 40 TFSI 时尚型 国VI,一汽大众奥迪A4L倍耐力轮胎鼓包,轮胎,鼓包,,,,,2020/6/23,信息审核
487585,吉利汽车,缤越,2019款 260T DCT Battle 运动款 国V,吉利缤越车机升级后没有网络信号,车身附件及电器,车载互联故障,,服务流程不完善,服务流程不完善,系统升级问题,2020/6/23,处理反馈
487584,上汽大众,朗逸,2017款 1.6L 手动 舒适版,上汽大众朗逸车内异味刹车盘异响,转向系统,异响,制动系统,异响,,,2020/6/23,信息审核
487583,吉利汽车,帝豪GL,2017款 1.8L 手动 精英型,吉利帝豪GL离合器不回位刹车故障灯亮,离合器,离合器失效,制动系统,故障灯亮,,,2020/6/23,用户评分
487577,上汽大众,朗逸,2011款 1.4TSI DSG 品雅版,上汽大众朗逸起步时抖动 换挡时顿挫,变速器,顿挫,变速器,抖动,,,2020/6/23,信息审核
487575,一汽-大众,高尔夫,2017款 280TSI 自动 R-Line百万辆纪念版,一汽大众高尔夫韩泰轮胎开裂影响行车安全,轮胎,开裂,,,,,2020/6/23,处理反馈
487570,北京现代,领动,2016款 1.4T  双离合 炫动·精英型,北京现代领动发动机异响漏水 压缩机损坏,发动机,异响,发动机,漏防冻液,,,2020/6/23,信息审核
487567,广汽丰田,凯美瑞,2016款 2.5HG CVT 十周年纪念豪华导航版 双擎,广汽丰田凯美瑞中控黑屏触摸没反应,车身附件及电器,影音系统故障,,,,,2020/6/23,处理反馈
487566,上汽大众,途观L新能源,2019款 430PHEV 混动豪华版,上汽大众途观L新能源仪表盘外罩开裂,车身附件及电器,部件开裂,,,,,2020/6/23,厂家受理
487565,长安汽车,长安欧尚CX70,2017款 1.5T 手动 豪擎版 CX70T,长安欧尚CX70变速箱异响顿挫传动轴异响,变速器,异响,变速器,顿挫,,,2020/6/23,厂家受理
487563,东风本田,本田XR-V,2020款 1.5L CVT 舒适版,东风本田XR-V后风挡玻璃存在划痕,车身附件及电器,玻璃开裂,,,,,2020/6/23,处理反馈
487562,一汽-大众奥迪,奥迪A4L,2017款 2.0T 双离合 时尚型 Plus,一汽大众奥迪A4L发动机节温器漏防冻液,发动机,漏防冻液,,,,,2020/6/23,信息审核
487560,一汽丰田,RAV4荣放,2020款 2.0L CVT 两驱 都市版,一汽丰田RAV4荣放购车缴纳定金未退还,,服务收费,,,服务收费,定（订）金纠纷,2020/6/23,信息审核
487559,北京奔驰,奔驰GLB,2020款 GLB 200 时尚型,北京奔驰GLB车窗有严重异响希望解决,车身附件及电器,门窗异响,,,,,2020/6/23,信息审核
487554,一汽-大众,宝来,2020款 1.5L 自动 精英型,一汽大众宝来前挡风玻璃破裂质量差,车身附件及电器,玻璃开裂,,,,,2020/6/23,处理反馈
487553,一汽-大众,探岳,2020款 330TSI 两驱 豪华智联版,一汽大众探岳发动机怠速时油箱有异响,车身附件及电器,汽油箱异响,,,,,2020/6/23,用户评分
487550,上汽大众,朗逸,2017款 1.6L 手动 风尚版,上汽大众朗逸方向盘异响空调异味排气管生锈,转向系统,异响,前后桥及悬挂系统,半轴渗油,,,2020/6/23,厂家受理
487548,长安汽车,锐程CC,2020款 1.5T 自动 炫锐型,长安锐程CC变速箱P挡卡顿影响正常使用,变速器,无法换挡,,,,,2020/6/23,用户评分
487545,东风雪铁龙,雪铁龙C3-XR,2018款 1.6L 自动 先锋型 改款,东风雪铁龙C3-XR发动机故障灯亮,发动机,故障灯亮,,,,,2020/6/23,处理反馈
487544,东风日产,逍客,2019款 2.0L CVT 豪华版,东风日产逍客刹车异响4S店不予解决,制动系统,异响,,,,,2020/6/23,处理反馈
487541,一汽-大众,探岳,2019款 征途版 280TSI 两驱 豪华型 国Ⅵ,一汽大众探岳大灯透镜发白影响照明,车身附件及电器,车灯不亮,,,,,2020/6/23,处理反馈
487540,广汽丰田,凯美瑞,2015款 2.5HG CVT 豪华导航版 双擎,广汽丰田凯美瑞左右半轴防尘罩漏油,前后桥及悬挂系统,半轴渗油,,,,,2020/6/23,处理反馈
487528,吉利汽车,远景,2017款 1.5L 自动 幸福版,吉利远景发动机抖动 后杠色差要求尽快处理,发动机,抖动,变速器,无法换挡,,,2020/6/23,处理反馈
487525,一汽-大众奥迪,奥迪Q5,2012款 2.0TFSI  自动 舒适型,一汽大众奥迪Q5变速箱挂倒挡无法行驶,变速器,无法加速,,,,,2020/6/23,信息审核
487524,众泰汽车,众泰T300,2018款 1.5L CVT 尊贵型,众泰T300主驾驶玻璃升降器开关损坏,车身附件及电器,车窗升降故障,,配件争议,配件争议,无零配件,2020/6/23,处理反馈
487523,东风雪铁龙,世嘉,2013款 2.0L 自动 品悦型 三厢,东风雪铁龙世嘉变速箱电磁阀故障挡位锁死,变速器,无法换挡,变速器,滑阀箱故障,,,2020/6/23,处理反馈
487519,吉利汽车,帝豪GS,2016款 1.3T 自动 领尚型 优雅版,吉利帝豪GS底盘生锈4S店不予处理,车身附件及电器,车身生锈,,,,,2020/6/23,用户评分
487518,东风日产,逍客,2016款 2.0L CVT 旗舰版,东风日产逍客起步无力 变速箱顿挫,变速器,顿挫,变速器,无法加速,,,2020/6/23,处理反馈
487517,吉利汽车,星越,2019款 改款 350T 耀星者,吉利星越车辆多处减配一直不予处理,,其他,,,,,2020/6/23,处理反馈
487515,一汽-大众,迈腾,2019款 330TSI DSG 领先型 国V,一汽大众迈腾变速箱故障机电单元损坏,变速器,故障灯亮,变速器,滑阀箱故障,,,2020/6/23,处理反馈
487514,北京现代,朗动,2015款 1.6L 自动 领先型,北京现代朗动中控屏黑屏无法使用,车身附件及电器,影音系统故障,,,,,2020/6/23,信息审核
487511,吉利汽车,远景X3,2017款 1.5L 手动 尊贵型,吉利远景X3经销商私自收取利息及保险押金,,服务收费,,,服务收费,变相收费,2020/6/23,处理反馈
487510,吉利汽车,缤瑞,2018款 14T CVT 缤致版,吉利缤瑞四个车门全部生锈希望尽快解决,车身附件及电器,车身生锈,,,,,2020/6/23,用户评分
487508,吉利汽车,博越,2016款 1.8TD 自动 两驱 智尚型,吉利博越仪表盘花屏售后不予免费质保,车身附件及电器,影音系统故障,,,,,2020/6/23,处理反馈
487506,海马汽车,海马S5,2014款 1.6L 手动 智尚型,海马S5变速箱异响 漆面腐蚀生锈厂家未处理,变速器,异响,车身附件及电器,车身生锈,,,2020/6/23,处理反馈
487505,一汽-大众,探岳,2019款 330TSI 两驱 尊贵型 国Ⅵ,一汽大众探岳刹车偏软 变速箱顿挫 大灯不亮,变速器,顿挫,制动系统,刹车偏软,,,2020/6/23,处理反馈
487503,几何汽车,几何A,2019款 高维标准续航立方版,几何A多次无故自动刹停 后门与车轮异响,前后桥及悬挂系统,车轮异响,车身附件及电器,门窗异响,,,2020/6/23,信息审核
487502,上汽斯柯达,柯米克,2020款 GT 1.5L 自动 旗舰版 国VI,斯柯达柯米克ABS系统非正常启动,制动系统,ABS故障,,,,,2020/6/23,信息审核
487500,吉利汽车,博越,2020款 1.8TD DCT 智领PRO,吉利博越实车无挡位灯和前雾灯与宣传不符,,销售欺诈,,,销售欺诈,与宣传不符,2020/6/23,处理反馈
487497,奇瑞汽车,艾瑞泽5,2016款 1.5L CVT 领潮版,奇瑞艾瑞泽5变速箱脱挡无法行驶,变速器,脱挡,,,,,2020/6/23,处理反馈
487492,长城汽车,哈弗H6 Coupe,2016款 1.5T 自动 两驱都市型,哈弗H6 Coupe后备箱漏水天窗异响方向盘沉重,变速器,挡把总成故障,转向系统,打方向沉重,,,2020/6/23,处理反馈
487491,上汽大众,Polo,2019款 Plus 1.5L 自动 全景乐享版,上汽大众Polo经销商出售库存车态度恶劣,,服务态度,,销售欺诈,服务态度,态度蛮横,2020/6/23,信息审核
487490,北汽新能源,北汽新能源EU5,2018款 EU5 R500 智风版,北汽新能源EU5方向跑偏 轮胎吃胎 底盘异响,前后桥及悬挂系统,底盘异响,前后桥及悬挂系统,吃胎偏磨,,,2020/6/23,处理反馈
487486,北汽新能源,北汽新能源EU5,2018款 EU5 R500 智风版,北汽新能源EU5车机APP无法实名认证,,服务态度,,服务流程不完善,服务态度,不解决问题,2020/6/23,用户评分
487478,华晨宝马,宝马5系,2018款 530Li 领先型 豪华套装,华晨宝马5系倒车影像黑屏 4S店不予解决,车身附件及电器,影音系统故障,,服务态度,服务态度,不解决问题,2020/6/23,厂家受理
487476,海马汽车,海马8S,2019款 1.6TGDI 自动 潮版,海马8S经销商换购补贴承诺一直不兑现,,承诺不兑现,,,承诺不兑现,销售承诺不兑现,2020/6/23,处理反馈
487473,沃尔沃亚太,沃尔沃S60,2016款 2.0T T4 智远版,亚太沃尔沃S60前悬架平衡杆胶套有异响,前后桥及悬挂系统,悬挂故障,,,,,2020/6/23,信息审核
487469,北京奔驰,奔驰C级,2018款 C 180 L 时尚型 运动版,北京奔驰C级行驶中水温高维修后未解决,发动机,冷却系统故障,,,,,2020/6/23,信息审核
487461,猎豹汽车,猎豹CS10,2017款 1.5T 手动 精英型,猎豹CS10底盘和方向机异响 车身漏水,发动机,故障灯亮,转向系统,异响,配件争议,无零配件,2020/6/23,信息审核
487457,江铃福特,领界,2019款 EcoBoost 145 CVT 铂领型 国V,江铃福特领界发动机故障灯亮启停功能失效,发动机,故障灯亮,车身附件及电器,发动机启停系统故障,人员技术,多次返修,2020/6/23,处理反馈
487456,吉利汽车,星越,2019款 350T 探星者,吉利星越刹车和雨刮器异响 车机死机黑屏,制动系统,异响,车身附件及电器,车载互联故障,,,2020/6/23,处理反馈
487454,一汽-大众奥迪,奥迪A6L,2019款 45 TFSI 臻选动感型,一汽大众奥迪A6L发动机机油加注口渗油,发动机,漏油,变速器,漏油,,,2020/6/23,信息审核
487452,广汽丰田,凯美瑞,2015款 2.5G 自动 豪华导航版,广汽丰田凯美瑞半轴防尘套漏油4S店不保修,前后桥及悬挂系统,球笼套漏油,,服务态度,服务态度,不予索赔,2020/6/23,处理反馈
487451,奇瑞汽车,捷途X70,2018款 1.5T 手动 悦行版,捷途X70雨刮器喷水角度太低4S店拒赔,车身附件及电器,雨刮器故障,,服务态度,服务态度,不予索赔,2020/6/23,处理反馈
487448,吉利汽车,星越,2019款 350T 耀星者,吉利星越起步时变速箱顿挫换挡不顺畅,变速器,顿挫,变速器,无法换挡,销售欺诈,与宣传不符,2020/6/23,处理反馈
487447,广汽讴歌,讴歌CDX,2016款 1.5T 两驱尊享版,广汽讴歌CDX经销商销售维修过的问题车,,销售欺诈,,销售欺诈,销售欺诈,出售问题车,2020/6/23,处理反馈
487442,上汽集团,名爵6,2017款 20T 手动 豪华智联版 国V,上汽名爵6离合器打滑踏板脱落4S店不保修,离合器,打滑,离合器,松动,服务态度,不予索赔,2020/6/23,处理反馈
487436,一汽-大众,迈腾,2016款 1.8TSI 智享领先型,一汽大众迈腾变速箱异响抖动顿挫,变速器,异响,变速器,顿挫,,,2020/6/23,用户评分
487434,东风电动轻卡,EV300,ev300,东风电动轻卡EV300续航里程不准确行驶断电,发动机,电驱动控制器故障,车身附件及电器,续航里程不准,,,2020/6/23,信息审核
487432,上汽大众,朗逸,2015款 1.6 手动 舒适版,上汽大众朗逸变速箱和发动机漏油,发动机,漏油,变速器,漏油,,,2020/6/23,信息审核
487428,一汽丰田,RAV4荣放,2020款 2.0L CVT 两驱 风尚版,一汽丰田RAV4荣放发动机舱进泥浆,,其他,,,,,2020/6/23,信息审核
487427,吉利汽车,博越,2020款 1.8TD DCT 智尊PRO,吉利博越新车简配雾灯和挡位灯与宣传不符,,销售欺诈,,,销售欺诈,与宣传不符,2020/6/23,用户评分
487426,东风日产,逍客,2017款 2.0L CVT 智享版 国V,东风日产逍客变速箱漏油有明显顿挫感,变速器,顿挫,变速器,漏油,,,2020/6/23,处理反馈
487423,吉利汽车,帝豪GS,2018款 1.4T 手动 运动版 领尚型,吉利帝豪GS挂挡困难 变速箱顿挫,变速器,顿挫,变速器,无法换挡,,,2020/6/23,处理反馈
487421,奇瑞捷豹路虎,发现神行,2019款 240PS SE版 国VI,奇瑞捷豹路虎发现神行发动机舱内有杂音,发动机,异响,,,,,2020/6/23,处理反馈
487417,吉利汽车,博瑞,2015款 2.4L 舒适型,吉利博瑞车门由内而外生锈并且腐烂,车身附件及电器,车身生锈,,,,,2020/6/23,处理反馈
487416,东风悦达起亚,焕驰,2017款 1.4L 自动 智享版 Value,东风悦达起亚焕驰天窗出现掉漆现象,车身附件及电器,漆面起泡开裂,,,,,2020/6/23,处理反馈
487415,宝马（进口）,宝马3系（进口）,2011款 325i 2.5 自动  双门轿跑车,进口宝马3系转向助力故障报警希望解决,转向系统,故障灯亮,,,,,2020/6/23,厂家受理
487411,众泰汽车,众泰T600,2015款 1.5T 手动 精英型,众泰T600变速箱异响严重希望尽快处理,发动机,涡轮增压器故障,变速器,异响,,,2020/6/23,用户评分
487410,北京现代,现代ix35,2019款 2.0L 自动 两驱 智勇·畅享版 国VI,北京现代ix35经销商出售库存车未告知,,服务收费,,销售欺诈,服务收费,价格不透明,2020/6/23,信息审核
487406,一汽-大众,探岳,2019款 330TSI 两驱 豪华型 国Ⅵ,一汽大众探岳变速箱换挡异响 大灯白内障,变速器,异响,车身附件及电器,车灯不亮,,,2020/6/23,处理反馈
487405,吉利汽车,星越,2019款 350T 耀星者,吉利星越车机系统升级后仍然存在问题,,服务流程不完善,,,服务流程不完善,系统升级问题,2020/6/23,处理反馈
487402,众泰汽车,众泰SR9,2017款 2.0T 自动 极致之心版,众泰SR9后备箱开关失灵 行驶中失去动力,变速器,无法加速,车身附件及电器,后备箱故障,,,2020/6/23,处理反馈
487384,一汽-大众,T-ROC探歌,2019款 280TSI DSG 两驱 舒适型 国V,一汽大众探歌韩泰轮胎开裂希望厂家处理,轮胎,开裂,,,,,2020/6/23,处理反馈
487381,吉利汽车,星越,2019款 300T 耀星者,吉利星越车机系统黑屏卡顿影响使用,车身附件及电器,车载互联故障,,,,,2020/6/23,处理反馈
487380,一汽-大众,速腾,2018款 280TSI DSG熠动版,一汽大众速腾发动机高压泵异响严重,发动机,异响,,,,,2020/6/23,处理反馈
487379,广汽丰田,YARiS L 致炫,2020款 致炫X 1.5L CVT 领先版,广汽丰田致炫4S店承诺不兑现提不到车,,承诺不兑现,,承诺不兑现,承诺不兑现,销售承诺不兑现,2020/6/23,用户评分
487377,吉利汽车,星越,2019款 350T AWD 驭星者,吉利星越系统升级过后死机卡顿希望厂家处理,车身附件及电器,车载互联故障,,服务流程不完善,服务流程不完善,系统升级问题,2020/6/23,处理反馈
487375,上汽大众,朗逸,2019款 1.5L 自动 舒适版 国VI,上汽大众朗逸热车加速行驶时发动机异响,发动机,异响,,,,,2020/6/23,信息审核
487373,广汽本田,冠道,2017款 370TURBO 自动 四驱 尊享版,广汽本田冠道后备箱漏水4S店不予保修,车身附件及电器,车身漏水,车身附件及电器,后备箱故障,服务态度,不予索赔,2020/6/23,处理反馈
487372,东风本田,本田CR-V,2019款 锐·混动 2.0L 两驱 净驰版 国VI,东风本田CR-V中控台异响希望尽快处理,车身附件及电器,中控台异响,,,,,2020/6/23,厂家受理
487369,上汽大众,帕萨特新能源,2020款 430PHEV 混动豪华版 国VI,上汽大众帕萨特新能源动力电池故障,车身附件及电器,动力电池故障,,,,,2020/6/23,信息审核
487365,北京汽车,绅宝X65,2015款 2.0T  自动 舒适型,绅宝X65踩油门车身左右摆动厂家未回复处理,前后桥及悬挂系统,悬挂故障,,服务态度,服务态度,不解决问题,2020/6/23,处理反馈
487363,奇瑞汽车,捷途X90,2019款 1.6T DCT 智享型 5座 国V,捷途X90 4S店举办活动承诺不予兑现,,承诺不兑现,,,承诺不兑现,服务承诺不兑现,2020/6/23,用户评分
487360,捷豹,捷豹XF,2014款 2.0T 风华版,进口捷豹XF加油时频繁跳枪存在质量缺陷,车身附件及电器,油箱有缺陷,,,,,2020/6/23,处理反馈
487359,东风雪铁龙,雪铁龙C4L,2013款 1.8L 手动 劲享版,东风雪铁龙C4L转向柱旷量 油箱变形,发动机,烧机油,转向系统,方向盘自由间隙过大,,,2020/6/23,处理反馈
487356,吉利汽车,星越,2019款 350T 耀星者,吉利星越车机卡顿操作版本与宣传不符,,销售欺诈,,,销售欺诈,与宣传不符,2020/6/23,处理反馈
487354,北京现代,名图,2017款 1.8L 自动 智能型 GLS 国V,北京现代名图转向异响4S店多次维修不解决,转向系统,异响,,服务态度,服务态度,不予索赔,2020/6/23,信息审核
487353,吉利汽车,博越,2016款 1.8TD 自动 两驱 智尊型,吉利博越变速箱漏油希望厂家尽快解决,变速器,漏油,,,,,2020/6/23,处理反馈
487351,吉利汽车,星越,2019款 350T 耀星者,吉利星越车机系统死机版本与宣传不符,车身附件及电器,车载互联故障,,销售欺诈,销售欺诈,与宣传不符,2020/6/23,处理反馈
487348,江铃集团新能源,江铃E100B,2016款 标准型,江铃E100动力电池故障维修时间长,车身附件及电器,动力电池故障,,,,,2020/6/23,信息审核
487346,东南汽车,东南DX7,2016款 1.5T 自动 荣耀版,东南DX7开启雨刮时雨刮器有异常响声,车身附件及电器,雨刮器故障,,,,,2020/6/23,处理反馈
487345,一汽丰田,RAV4荣放,2015款 2.0L CVT 两驱都市版,一汽丰田RAV4荣放右前侧半轴防尘套漏油,前后桥及悬挂系统,半轴渗油,,,,,2020/6/23,信息审核
487342,江淮汽车,瑞风S3,2015款 1.5L 手动 豪华智能尊享版,江淮瑞风S3气囊灯常亮多次维修无法解决,车身附件及电器,气囊故障,,,,,2020/6/23,处理反馈
487341,一汽-大众,高尔夫,2015款 1.6L 自动 时尚型,一汽大众高尔夫变速箱程序落后换挡迟缓,变速器,拖挡,,,,,2020/6/23,用户评分
487337,上汽大众,凌渡,2015款 330TSI DSG 舒适版,上汽大众凌渡车内异味希望厂家处理,车身附件及电器,车内异味,,,,,2020/6/23,信息审核
487336,领克汽车,领克01,2019款 2.0T 两驱 纯版 国V,领克01轮胎亏气但胎压监测未报警,车身附件及电器,胎压监测故障,,,,,2020/6/23,处理反馈
487334,一汽-大众奥迪,奥迪A6L,2020款 45 TFSI quattro 臻选动感型,一汽大众奥迪A6L中控仪表台面板起泡凸起,车身附件及电器,仪表台开裂,,,,,2020/6/23,信息审核
487331,东风标致,标致408,2018款 350THP 自动 豪华版,东风标致408下雨天副驾驶漏水4S店不保修,车身附件及电器,车身漏水,,服务态度,服务态度,不予索赔,2020/6/23,处理反馈
487328,吉利汽车,星越,2019款 改款 350T 耀星者,吉利星越车机频繁死机系统与宣传不符,车身附件及电器,车载互联故障,,销售欺诈,销售欺诈,与宣传不符,2020/6/23,处理反馈
487325,广汽丰田,凯美瑞,2016款 2.5HG CVT 十周年纪念豪华导航版 双擎,广汽丰田凯美瑞左前下摆臂球头处渗油,前后桥及悬挂系统,下摆臂故障,,,,,2020/6/23,处理反馈
487322,广汽乘用车,传祺GA6,2016款 235T DCT 豪华版,广汽传祺GA6换挡顿挫 转向及车内挡杆异响,变速器,顿挫,转向系统,异响,,,2020/6/23,处理反馈
487321,吉利汽车,博越,2020款 1.8TD DCT 智尊PRO,吉利博越变速箱挡位显示灯与宣传不符,,销售欺诈,,,销售欺诈,与宣传不符,2020/6/23,处理反馈
487320,长城汽车,哈弗F5,2019款 1.5T i型 国潮版  国VI,哈弗F5大灯进水售后告知正常未解决,车身附件及电器,车灯进水,,服务态度,服务态度,否认质量问题,2020/6/23,用户评分
487319,吉利汽车,星越,2019款 300T 耀星者,吉利星越车机系统升级后卡顿未解决,,服务流程不完善,,,服务流程不完善,系统升级问题,2020/6/23,处理反馈
487317,上汽大众,朗逸,2013款 1.4TSI DSG舒适版,上汽大众朗逸变速箱异响 曲轴油封漏油,发动机,漏油,变速器,异响,,,2020/6/23,处理反馈
487314,吉利汽车,博越,2016款 1.8TD 自动 两驱 智联型,吉利博越变速箱油封渗油要求尽快解决,变速器,漏油,,,,,2020/6/23,用户评分
487313,吉利汽车,博越,2020款 1.8TD DCT 智领PRO,吉利博越挡位指示灯及雾灯与厂家宣传不符,,销售欺诈,,,销售欺诈,与宣传不符,2020/6/23,用户评分
487311,广汽丰田,凯美瑞,2019款 2.0G 豪华版 国VI,广汽丰田凯美瑞机油增多希望尽快解决,发动机,机油增多,,,,,2020/6/23,处理反馈
487307,一汽-大众奥迪,奥迪A4L,2013款 2.0T 自动 标准型,一汽大众奥迪A4L防冻液壶开裂渗液,车身附件及电器,部件开裂,,,,,2020/6/23,信息审核
487304,北京现代,现代ix35,2019款 2.0L 自动 两驱 智勇·畅享版 国V,北京现代iX35变速箱顿挫车身生锈4S店不解决,变速器,顿挫,车身附件及电器,车身生锈,,,2020/6/23,信息审核
487301,一汽丰田,卡罗拉,2017款 1.2T CVT GL-i,"一汽丰田卡罗拉低速行驶时变速箱顿挫	",发动机,异响,变速器,异响,,,2020/6/23,信息审核
487299,一汽-大众,探岳,2019款 380TSI 四驱 R-Line 国VI,一汽大众探岳低速行驶时变速箱异响,变速器,异响,,,,,2020/6/23,处理反馈
487298,奇瑞汽车,艾瑞泽EX,2019款 1.5L CVT 自在版 国V,奇瑞艾瑞泽EX加速时发动机异响严重,发动机,异响,,,,,2020/6/23,用户评分
487290,一汽大众,捷达VS5,2019款 280TSI 自动 进取型,捷达VS5前风挡导水槽漏水涡轮增压器生锈,车身附件及电器,车身生锈,车身附件及电器,车身漏水,,,2020/6/23,处理反馈
487289,吉利汽车,帝豪,2016款 1.5L 手动 向上版 三厢,吉利帝豪车门内拉手断裂希望厂家索赔,车身附件及电器,部件开裂,,服务态度,服务态度,不予索赔,2020/6/23,处理反馈
487287,猎豹汽车,猎豹CS9,2017款 1.5L 手动 风尚型,猎豹CS9暖风水箱漏水4S店不给保修,发动机,漏防冻液,,服务态度,服务态度,不予索赔,2020/6/23,信息审核
487285,领克汽车,领克03,2019款 2.0TD 自动 劲Pro版,领克03车内中控台异响4S店无法处理,车身附件及电器,车内异响,车身附件及电器,中控台异响,服务态度,不解决问题,2020/6/23,用户评分
487283,广汽本田,雅阁,2016款 2.4L  CVT 豪华版,广汽本田雅阁右侧日行灯不亮4S店不保修,车身附件及电器,车灯不亮,,服务态度,服务态度,不予索赔,2020/6/23,处理反馈
487281,北汽新能源,北汽新能源EX,2018款 EX360 新风版,北汽新能源EX厂家不提供财政补贴证明,,服务态度,,服务态度,服务态度,不解决问题,2020/6/23,处理反馈
487277,上汽大众,朗逸,2013款 1.4TSI DSG舒适版,上汽大众朗逸车内异味严重引起身体不适,车身附件及电器,车内异味,,,,,2020/6/23,信息审核
487275,长安马自达,马自达CX-5,2015款 2.5L 自动 四驱 旗舰型,长安马自达CX-5中控触摸屏乱跳功能失效,车身附件及电器,影音系统故障,,,,,2020/6/23,处理反馈
487269,北京现代,菲斯塔,2019款 280TGDi 智速版 国VI,北京现代菲斯塔变速箱异响影响驾驶感受,变速器,异响,,,,,2020/6/23,信息审核
487262,长安马自达,马自达3 昂克赛拉,2016款 1.5L 自动 豪华型 三厢,长安马自达昂克赛拉变速箱脱挡车辆无法行驶,变速器,脱挡,,,,,2020/6/22,处理反馈
487257,上汽大众,朗逸,2018款 280TSI DSG 舒适版 国V,"上汽大众朗逸变速箱异响一直无法解决	",变速器,异响,,,,,2020/6/22,信息审核
487256,广汽本田,飞度,2016款 1.5L LXS CVT 舒适天窗版,广汽本田飞度冷车启动发动机VTC执行器异响,发动机,异响,,,,,2020/6/22,处理反馈
487254,吉利汽车,博越,2020款 1.5TD 自动 智联PRO,吉利博越无挡位显示没有前雾灯影响行车安全,变速器,异响,,销售欺诈,销售欺诈,与宣传不符,2020/6/22,用户评分
487252,北京奔驰,奔驰GLC,2020款 改款 GLC 260 L 4MATIC 动感型,北京奔驰GLC 4S店使用来源不明的配件,,配件争议,,,配件争议,使用非原厂件,2020/6/22,信息审核
487249,吉利汽车,缤越,2019款 260T DCT 骑士 国VI,吉利缤越门窗漏风 车机系统版本老旧,车身附件及电器,门窗漏风,,承诺不兑现,承诺不兑现,服务承诺不兑现,2020/6/22,处理反馈
487246,北京越野,北京BJ40,2019款 2.3T 自动 四驱 环塔冠军版 国VI,北京BJ40 1600-1900转时油门踏板共振,发动机,抖动,发动机,油门故障,,,2020/6/22,处理反馈
487240,长安汽车,锐程CC,2020款 1.5T 手动 炫锐型,长安锐程CC发动机抖动 变速箱顿挫挂挡困难,发动机,抖动,变速器,顿挫,,,2020/6/22,用户评分
487238,北京现代,菲斯塔,2019款 240TGDi 运动版 国VI,北京现代菲斯塔行驶过程中变速箱出现异响,变速器,异响,,,,,2020/6/22,信息审核
487236,奇瑞汽车,瑞虎8,2019款 1.6TGDI 自动 精英型,奇瑞瑞虎8发票上的价格比车辆实际价格低,,承诺不兑现,,销售欺诈,承诺不兑现,服务承诺不兑现,2020/6/22,用户评分
487234,一汽-大众奥迪,奥迪Q3,2020款 45 TFSI quattro 时尚动感型,奥迪Q3服务站将2019款车型当2020款出售,,承诺不兑现,,销售欺诈,承诺不兑现,销售承诺不兑现,2020/6/22,信息审核
487232,一汽-大众,速腾,2019款 280TSI DSG 舒适型 国VI,一汽大众速腾前桥异响 挂挡异响,变速器,异响,前后桥及悬挂系统,前后桥异响,,,2020/6/22,处理反馈
487231,广汽丰田,汉兰达,2018款 2.0T 四驱 豪华版 7座 国VI,广汽丰田汉兰达换装屏幕后出现故障,车身附件及电器,影音系统故障,,,,,2020/6/22,处理反馈
487225,江铃汽车,驭胜S330,2016款 1.5L GTDi 自动 两驱 尊贵版,驭胜S330变速箱顿挫无法升挡一直未解决,变速器,顿挫,变速器,拖挡,,,2020/6/22,信息审核
487222,北京现代,现代ix35,2019款 2.0L 自动 两驱 智勇·畅享版 国VI,北京现代ix35发动机异响希望尽快解决,发动机,异响,,,,,2020/6/22,处理反馈
487220,吉利汽车,星越,2019款 350T 耀星者,吉利星越正常行驶时中控台存在异响,车身附件及电器,中控台异响,,,,,2020/6/22,处理反馈
487215,比亚迪,比亚迪S6,2014款 2.4L 自动 尊贵型 7座,比亚迪S6变速箱顿挫维修后再次出现故障,变速器,异响,变速器,顿挫,,,2020/6/22,处理反馈
487213,吉利汽车,帝豪GS,2016款 1.8L 手动 领尚型 优雅版,吉利帝豪GS变速箱异响多次维修无法解决,变速器,异响,,,,,2020/6/22,处理反馈
487211,吉利新能源,博瑞新能源,2020款 1.5T PHEV 耀享版,吉利博瑞新能源高速行驶时变速箱过热,变速器,抖动,变速器,故障灯亮,服务流程不完善,系统升级问题,2020/6/22,用户评分
487205,猎豹汽车,猎豹CS9,2018款 1.5T CVT 劲锐型,猎豹CS9方向盘异响厂家无人解决,转向系统,异响,,,,,2020/6/22,信息审核
487200,广汽本田,雅阁,2018款 2.0L 锐酷版 锐·混动 国V,广汽本田雅阁发动机位置出现渗油现象,发动机,漏油,,,,,2020/6/22,处理反馈
487199,上汽集团,荣威RX3,2018款 1.6L CVT 互联网智享版,上汽荣威RX3裸车价与合同不一致,,服务收费,,,服务收费,价格不透明,2020/6/22,用户评分
487194,吉利汽车,星越,2019款 300T 耀星者,吉利星越升级后语音控制不灵敏卡顿未解决,,服务流程不完善,,,服务流程不完善,系统升级问题,2020/6/22,处理反馈
487193,北京现代,领动,2019款 1.5L CVT 智炫·精英型,北京现代领动前轮耐克森轮胎侧面裂纹,轮胎,开裂,,,,,2020/6/22,处理反馈
487187,上汽大众,凌渡,2017款 280TSI DSG 舒适版,上汽大众凌渡变速箱异响希望厂家处理,变速器,异响,,,,,2020/6/22,信息审核
487180,广汽本田,奥德赛,2017款 2.4L CVT 智享版,广汽本田奥德赛开空调时吹出白色粉末,车身附件及电器,空调问题,,,,,2020/6/22,处理反馈
487173,上汽大众,凌渡,2019款 280TSI DSG 舒适版 国VI,上汽大众凌渡变速箱异响换挡困难,变速器,异响,变速器,无法换挡,,,2020/6/22,信息审核
487171,东风标致,标致5008,2017款 380THP 豪华GT版 7座,东风标致5008电尾门开关故障希望厂家处理,车身附件及电器,后备箱故障,,,,,2020/6/22,处理反馈
487170,云度新能源,云度π1,2017款 城际乐派型,云度π1刹车变硬希望厂家退车处理,制动系统,刹车变硬,,,,,2020/6/22,信息审核
487169,吉利汽车,缤越,2019款 260T DCT 游侠 运动款 国V,吉利缤越4S店安装原车挡泥板擅自损坏车体,,人员技术,,服务流程不完善,人员技术,操作不规范,2020/6/22,处理反馈
487168,一汽-大众奥迪,奥迪A6L,2019款 40 TFSI 豪华动感型,一汽大众奥迪A6L车身天窗发动机异响,发动机,异响,车身附件及电器,车身异响,,,2020/6/22,信息审核
487163,SWM斯威汽车,SWM斯威X7,2017款 1.5T 自动 智享型 7座,斯威X7发动机油耗高希望尽快得到处理,发动机,油耗高,,,,,2020/6/22,信息审核
487162,吉利汽车,缤越,2019款 260T DCT 游侠 国VI,吉利缤越刹车异响 车机系统故障,制动系统,异响,车身附件及电器,车载互联故障,,,2020/6/22,处理反馈
487159,上汽斯柯达,晶锐,2017款 1.4L 自动 车享版,斯柯达晶锐空调不制冷多次维修没结果,车身附件及电器,空调问题,,人员技术,人员技术,多次返修,2020/6/22,信息审核
487158,吉利汽车,帝豪,2017款 1.5L 手动 向上版 三厢 百万款,吉利帝豪大灯进水严重希望尽快处理,车身附件及电器,车灯进水,,,,,2020/6/22,处理反馈
487156,广汽丰田,雷凌,2017款 185T CVT 精英版 国V 改款,广汽丰田雷凌发动机烧机油希望处理,发动机,烧机油,,,,,2020/6/22,处理反馈
487152,一汽-大众,探岳,2020款 330TSI 两驱 豪华智联版,一汽大众探岳经销商将展车当做新车出售,,销售欺诈,,,销售欺诈,与宣传不符,2020/6/22,处理反馈
487148,雷克萨斯,雷克萨斯NX,2018款 300h 前驱 锋尚版 国VI,雷克萨斯NX导航不灵敏 更新不及时,车身附件及电器,导航问题,,,,,2020/6/22,厂家受理
487147,众泰汽车,众泰SR7,2017款 1.5T CVT 魔方之路版,众泰SR7车内中控台以及车门严重异响,车身附件及电器,门窗异响,车身附件及电器,中控台异响,,,2020/6/22,处理反馈
487146,奥迪（进口）,奥迪e-tron（进口）,2019款 55 quattro 全球限量版Edition 1,奥迪(进口)e-tron充电桩少续航与宣传不符,车身附件及电器,充电故障,,销售欺诈,销售欺诈,与宣传不符,2020/6/22,信息审核
487142,一汽-大众奥迪,奥迪A6L,2019款 45 TFSI 臻选动感型,一汽大众奥迪A4L轮毂变形4S店不给保修,车身附件及电器,轮毂问题,,服务态度,服务态度,不予索赔,2020/6/22,信息审核
487139,力帆汽车,轩朗,2017款 2.0L 手动 舒适型,力帆轩朗离合器损坏发动机有焊接痕迹,发动机,发动机壳体破裂,离合器,烧毁,服务态度,不予索赔,2020/6/22,信息审核
487138,东风标致,标致4008,2018款 350THP 精英版,东风标致4008加速无力发动机故障灯亮,发动机,故障灯亮,发动机,无法提速,服务态度,不予索赔,2020/6/22,处理反馈
487136,一汽-大众,探岳,2019款 330TSI 两驱 豪华型 国Ⅵ,一汽大众探岳换挡时变速箱顿挫有异响,变速器,异响,变速器,顿挫,,,2020/6/22,处理反馈
487135,广汽丰田,汉兰达,2017款 2.0T 四驱 豪华导航版 7座,广汽丰田汉兰达漆面龟裂希望厂家处理,车身附件及电器,漆面起泡开裂,,,,,2020/6/22,信息审核
487130,雷克萨斯,雷克萨斯ES,2015款 2.0L 自动  精英版 ES 200,雷克萨斯ES天窗玻璃爆裂存在质量问题,车身附件及电器,玻璃开裂,,,,,2020/6/22,厂家受理
487129,广汽三菱,欧蓝德,2019款 2.4L 四驱 致享版 7座 国VI,广汽三菱欧蓝德车辆事故后安全气囊未打开,车身附件及电器,气囊未弹开,,,,,2020/6/22,厂家受理
487128,东风标致,标致3008,2015款 1.6THP 自动 潮流版,东风标致3008多次在行驶过程中突然熄火,发动机,熄火,,,,,2020/6/22,处理反馈
487127,一汽-大众,C-TREK蔚领,2017款 230TSI 自动 舒适型,一汽大众蔚领高速时踩刹车方向盘抖动,转向系统,抖动,,,,,2020/6/22,处理反馈
487121,一汽-大众,速腾,2018款 280TSI 双离合 舒适型,一汽大众速腾发动机变速箱离合器抖动,发动机,抖动,变速器,抖动,,,2020/6/22,处理反馈
487114,猎豹汽车,猎豹CS10,2015款 2.0T 手动 卓越版,猎豹CS10制动效果极差导致发生事故,制动系统,刹车偏软,,,,,2020/6/22,信息审核
487111,一汽-大众,T-ROC探歌,2019款 230TSI DSG 两驱 进取型 国V,一汽大众探歌高压油泵异响严重希望厂家处理,车身附件及电器,汽油泵故障,,,,,2020/6/22,处理反馈
487110,北京奔驰,奔驰C级,2020款 C 260 L 运动版,北京奔驰C级新车交付时车漆被剐蹭,,人员技术,,,人员技术,操作不规范,2020/6/22,信息审核
487108,东风日产,骐达TIIDA,2019款 1.6L CVT 智尊版 国Ⅵ,东风日产骐达悬架生锈腐蚀存在安全隐患,车身附件及电器,车身生锈,,,,,2020/6/22,处理反馈
487106,雷克萨斯,雷克萨斯CT,2017款 CT200h 精英版 单色 国VI,雷克萨斯CT大灯灯罩内部出现密集气泡,车身附件及电器,灯罩裂纹或变形,,服务态度,服务态度,不解决问题,2020/6/22,厂家受理
487103,东风雪铁龙,雪铁龙C4L,2014款 1.8L 自动 智驱版 劲享型,东风雪铁龙C4L方向盘上下左右晃动,转向系统,抖动,,,,,2020/6/22,用户评分
487102,上汽大众,朗逸,2017款 1.6L 自动 舒适版,上汽大众朗逸韩泰轮胎开裂存在安全隐患,轮胎,开裂,,,,,2020/6/22,处理反馈
487101,东风日产,天籁,2013款 2.0L XL 舒适版,东风日产天籁变速箱漏油 发动机烧机油,发动机,烧机油,变速器,漏油,,,2020/6/22,处理反馈
487099,一汽-大众,速腾,2018款 280TSI 双离合 舒适型,一汽大众速腾空调出风口损坏存在质量问题,车身附件及电器,部件开裂,,,,,2020/6/22,处理反馈
487096,吉利新能源,星越新能源,2019款 400T 驭星者 纯电动续航80KM,吉利星越车机系统升级后卡顿问题未能解决,,服务流程不完善,,,服务流程不完善,系统升级问题,2020/6/22,用户评分
487095,奇瑞汽车,瑞虎5,2017款 1.5T CVT 舒适版,奇瑞瑞虎5实车信息与厂家系统不符,,销售欺诈,,,销售欺诈,与宣传不符,2020/6/22,厂家受理
487092,长城汽车,哈弗H2s,2018款 1.5T 双离合 精英型 红标,哈弗H2s转向拉杆生锈掉漆希望处理,车身附件及电器,车身生锈,,,,,2020/6/22,处理反馈
487090,长安马自达,马自达CX-5,2020款 2.0L 自动 两驱 智尊型,长安马自达CX-5安全带损伤4S店使用旧件,车身附件及电器,安全带故障,,配件争议,配件争议,使用旧件,2020/6/22,信息审核
487083,吉利汽车,星越,2019款 350T 暗夜骑士限量版,吉利星越车机黑屏版本与宣传不符,车身附件及电器,车载互联故障,,销售欺诈,销售欺诈,与宣传不符,2020/6/22,处理反馈
487082,长城汽车,长城C30,2013款 1.5L 手动 豪华型,长城C30车身漆面生锈4S店不解决,车身附件及电器,车身生锈,,服务态度,服务态度,不解决问题,2020/6/22,处理反馈
487080,一汽-大众,宝来,2019款 改款 1.5L 自动 舒适型 国VI,一汽大众宝来车漆起泡掉漆影响美观,车身附件及电器,漆面起泡开裂,,,,,2020/6/22,处理反馈
487074,江淮汽车,瑞风S2,2015款 1.5L 手动 豪华智能型,江淮瑞风S2刹车异响方向盘晃动严重,转向系统,转向机故障,制动系统,异响,,,2020/6/22,用户评分
487072,一汽大众,捷达VS5,2019款 280TSI 自动 悦享型,一汽大众捷达VS5发动机舱进水涡轮生锈,车身附件及电器,中控台异响,车身附件及电器,车身漏水,,,2020/6/22,处理反馈
487071,一汽-大众奥迪,奥迪A3,2017款 Limousine 1.4T 双离合 时尚型,一汽大众奥迪A3空调出风口经常不出风,车身附件及电器,空调问题,,人员技术,人员技术,多次返修,2020/6/22,信息审核
487070,东风标致,标致301,2018款 1.6L 自动 舒适版,东风标致标致301三元催化器老化4S店拒赔,车身附件及电器,三元催化器故障,,,,,2020/6/22,处理反馈
487058,华晨宝马,宝马5系,2020款 525Li M运动套装,华晨宝马5系天窗和前挡风玻璃爆裂,车身附件及电器,玻璃开裂,,,,,2020/6/22,处理反馈
487057,上汽大众,途观L,2019款 改款 330TSI 自动 两驱 智动豪华版 国VI,上汽大众途观L下雨时天窗处出现漏水现象,车身附件及电器,天窗漏水,,,,,2020/6/22,信息审核
487055,吉利汽车,星越,2019款 350T 暗夜骑士限量版,吉利星越车机出现死机现象系统与宣传不符,车身附件及电器,车载互联故障,,销售欺诈,销售欺诈,与宣传不符,2020/6/22,用户评分
487053,长城汽车,WEY P8,2018款 2.0T 旗舰型,WEY P8配件质量差导致频繁故障,,人员技术,,配件争议,人员技术,多次返修,2020/6/22,处理反馈
487042,奔驰（进口）,奔驰S级,2019款 S 320 L,进口奔驰S级发动机水温高一直未解决,发动机,冷却系统故障,,,,,2020/6/22,信息审核
487039,东风日产,逍客,2016款 2.0L CVT 豪华版,东风日产逍客变速箱阀体故障要求尽快解决,变速器,滑阀箱故障,,,,,2020/6/22,用户评分
487037,广汽本田,锋范,2015款 1.5L CVT 豪华版,广汽本田锋范发动机冷启动异响要求厂家保修,发动机,异响,,,,,2020/6/22,处理反馈
487036,上汽大众,凌渡,2015款 330TSI DSG 舒适版,上汽大众凌渡车内一直存在浓重的异味,车身附件及电器,车内异味,,,,,2020/6/22,信息审核
487031,一汽吉林,森雅R9,2018款 1.2T 自动 豪华智尚型,一汽吉林森雅R9发动机故障灯亮 售后无配件,发动机,故障灯亮,车身附件及电器,行车安全辅助系统故障,配件争议,无零配件,2020/6/22,信息审核
487030,长安汽车,长安CS55,2018款 1.5T 自动 炫色型 国V,长安CS55车门掉漆 主驾驶门框胶条老化,车身附件及电器,漆面起泡开裂,车身附件及电器,密封条损坏,,,2020/6/22,处理反馈
487029,奇瑞汽车,捷途X70,2020款 1.5T DCT 悦行版 6座,奇瑞捷途X70变速箱电脑插头密封不严,车身附件及电器,电路故障,,服务态度,服务态度,不予索赔,2020/6/22,处理反馈
487021,华晨宝马,宝马5系,2020款 530Li 尊享型 M运动套装,华晨宝马5系车身稳定系统故障导致故障灯亮,车身附件及电器,行车安全辅助系统故障,,,,,2020/6/22,处理反馈
487018,东风标致,标致308,2013款 1.6L 自动 优尚型,东风标致308变速箱顿挫要求厂家给予保修,变速器,顿挫,变速器,故障灯亮,,,2020/6/22,处理反馈
487017,上汽斯柯达,晶锐,2017款 1.4L 自动 车享版,斯柯达晶锐后门升降器损坏厂未处理,车身附件及电器,车窗升降故障,,服务态度,服务态度,不解决问题,2020/6/22,信息审核
487014,广汽本田,雅阁,2018款 2.0L 锐领版 锐·混动 国VI,广汽本田雅阁动力电池冷却系统失效,车身附件及电器,电池组冷却系统故障,,,,,2020/6/22,处理反馈
487013,吉利汽车,星越,2019款 350T 暗夜骑士限量版,吉利星越车机与宣传不符系统升级未通知,,服务态度,,销售欺诈,服务态度,厂家不回复,2020/6/22,处理反馈
487009,广汽丰田,凯美瑞,2015款 2.0G 自动 领先版,广汽丰田凯美瑞左右半轴防尘套漏油严重,前后桥及悬挂系统,球笼套漏油,,,,,2020/6/22,处理反馈
487008,吉利汽车,远景,2020款 1.5L 手动 亚运版,吉利远景新车不带胎压显示功能厂家减配,,其他,,,,,2020/6/22,用户评分
487003,奇瑞汽车,捷途X70,2018款 1.5T 自动 悦行版,捷途X70悬挂及B柱异响 天窗开关失灵,前后桥及悬挂系统,减震器异响,车身附件及电器,车身异响,,,2020/6/22,处理反馈
486991,广汽乘用车,传祺GS5,2019款 270T 自动 豪华版,广汽传祺GS5变速箱顿挫严重中控屏幕黑屏,变速器,顿挫,制动系统,异响,服务态度,不解决问题,2020/6/22,处理反馈
486981,MINI,MINI,2019款 1.5T COOPER 经典派,MINI天窗开关故障导致车内积水严重,车身附件及电器,天窗开关异常,,,,,2020/6/22,信息审核
486974,长安马自达,马自达3 昂克赛拉,2020款 2.0L 自动 质豪版,长安马自达昂克赛拉扶手箱异响播放音乐卡顿,车身附件及电器,影音系统故障,车身附件及电器,漆面起泡开裂,,,2020/6/22,处理反馈
486972,一汽-大众,速腾,2018款 280TSI DSG熠动版,一汽大众速腾方向盘出现脱皮现象,车身附件及电器,部件开裂,,,,,2020/6/22,处理反馈
486970,上汽集团,名爵6,2017款 20T 自动 豪华智联版 国V,上汽名爵6变速箱顿挫异响存在质量问题,变速器,异响,变速器,顿挫,,,2020/6/22,处理反馈
486968,宝马（进口）,宝马X5 M,2015款 4.4T,宝马X5M发动机故障行驶熄火厂家不保修,发动机,熄火,发动机,无法启动,服务态度,不解决问题,2020/6/22,处理反馈
486965,一汽解放,解放J6P,2011款 解放J6P 9.0 集装箱 半挂 牵引汽车 CA4250P66K24T1A1 EX型,一汽解放J6P卸货过程前置顶折断 车厢侧翻,前后桥及悬挂系统,前后桥断裂,,,,,2020/6/22,信息审核
486964,广汽本田,雅阁,2018款 260TURBO 精英版 国VI,广汽本田雅阁后备箱与翼子板接缝处未喷漆,车身附件及电器,漆面起泡开裂,,,,,2020/6/22,处理反馈
486963,北京现代,逸行,2018款 1.4T 双离合 逸尚型 国V,北京现代逸行导航故障4S店不给保修,车身附件及电器,导航问题,,服务态度,服务态度,不解决问题,2020/6/22,用户评分
486962,一汽-大众奥迪,奥迪Q5,2016款 40 TFSI 技术型,一汽大众奥迪Q5节温器和冷却水壶漏防冻液,发动机,漏防冻液,,,,,2020/6/22,信息审核
486960,一汽丰田,奕泽IZOA,2018款 2.0L 奕驰版 国VI,一汽丰田奕泽销售人员故意刁难拒绝维修保养,,服务态度,,服务态度,服务态度,不解决问题,2020/6/22,信息审核
486957,吉利汽车,博越,2020款 1.8TD DCT 智尊PRO,吉利博越实车没有前雾灯与厂家宣传不符,,销售欺诈,,,销售欺诈,与宣传不符,2020/6/22,处理反馈
486951,广汽本田,飞度,2014款 1.5L CVT SE时尚型,广汽本田飞度发动机冷启动异响严重,发动机,异响,,,,,2020/6/22,用户评分
486948,一汽-大众,CC,2018款 1.8TSI 豪华型,一汽大众CC反光镜自动收回行车雷达故障,车身附件及电器,后备箱故障,车身附件及电器,车灯不亮,服务态度,不解决问题,2020/6/22,处理反馈
486947,一汽-大众,宝来,2020款 1.5L 自动 精英型,一汽大众宝来刹车异响维修未解决问题,制动系统,异响,,,,,2020/6/22,处理反馈
486934,一汽奔腾,奔腾X40,2017款 1.6L 自动 尊享型,一汽奔腾X40发动机缸盖损坏4S店不予保修,发动机,抖动,发动机,功率不足,服务态度,不予索赔,2020/6/22,信息审核
486931,吉利汽车,星越,2019款 350T 耀星者,吉利星越车机系统升级软件后卡顿严重,,服务流程不完善,,,服务流程不完善,系统升级问题,2020/6/22,处理反馈
486930,东风标致,标致408,2016款 1.6T 自动 豪华版,东风标致408行驶中发动机缺缸抖动,发动机,抖动,发动机,故障灯亮,配件争议,无零配件,2020/6/22,处理反馈
486927,吉利汽车,星越,2019款 300T 耀星者,吉利星越车机黑屏操作版本与宣传不符,车身附件及电器,车载互联故障,,销售欺诈,销售欺诈,与宣传不符,2020/6/22,处理反馈
486925,吉利汽车,帝豪GL,2017款 1.3T 手动 精英型,吉利帝豪GL分离轴承损坏导致离合器沉重,离合器,沉重,,,,,2020/6/22,用户评分
486924,东风雪铁龙,C4世嘉,2016款 1.6L 自动 舒适型 悦心版,东风雪铁龙C4世嘉发动机有烧机油的现象,发动机,烧机油,,,,,2020/6/22,处理反馈
486922,众泰汽车,众泰T300,2017款 1.5L 手动 尊享型,众泰T300天窗震动 左侧后视镜转向灯不亮,车身附件及电器,天窗异响,车身附件及电器,车灯不亮,,,2020/6/22,处理反馈
486920,长安铃木,奥拓,2016款 1.0L 自动 豪华炫动版,长安铃木奥拓出现事故导致发动机舱自燃,车身附件及电器,气囊故障,车身附件及电器,车辆自燃,,,2020/6/22,处理反馈
486918,上汽大众,朗逸,2019款 1.5L 自动 舒适版 国VI,上汽大众朗逸发动机故障灯亮4S店无法解决,发动机,故障灯亮,,服务态度,服务态度,不解决问题,2020/6/22,处理反馈
486915,吉利汽车,博越,2020款 1.8TD DCT 智领PRO,吉利博越车机系统及功能与宣传时不符,,销售欺诈,,,销售欺诈,与宣传不符,2020/6/22,用户评分
486914,一汽-大众,宝来,2019款 改款 280TSI DSG 精英型 国VI,一汽大众宝来行驶过程中发动机自动熄火,发动机,熄火,,,,,2020/6/22,处理反馈
486906,一汽奔腾,奔腾T77,2020款 PRO 280 TID 自动 尊享型,一汽奔腾T77排气管严重生锈4S店拒绝更换,车身附件及电器,排气管锈蚀,,服务态度,服务态度,不予索赔,2020/6/22,信息审核
486904,上汽大众,途观,2016款 300TSI 自动 四驱 风尚视野版,上汽大众途观低速转弯时异响希望处理,转向系统,异响,,,,,2020/6/22,信息审核
486903,一汽-大众奥迪,奥迪Q5L,2020款 40 TFSI 荣享时尚型,一汽大众奥迪Q5L部分批次无主动进气格栅,,销售欺诈,,,销售欺诈,与宣传不符,2020/6/22,信息审核
486902,东风日产,天籁,2020款 2.0L XL 舒适版,东风日产天籁多媒体死机倒车影像不显示,车身附件及电器,影音系统故障,车身附件及电器,部件开裂,,,2020/6/22,用户评分
486901,吉利汽车,星越,2019款 300T 耀星者,吉利星越车机卡顿升级后未解决要求升级硬件,,服务流程不完善,,,服务流程不完善,系统升级问题,2020/6/22,处理反馈
486899,吉利汽车,星越,2019款 350T 耀星者,吉利星越车机死机系统升级承诺不兑现,车身附件及电器,车载互联故障,,承诺不兑现,承诺不兑现,服务承诺不兑现,2020/6/22,处理反馈
486897,长城汽车,哈弗H2,2017款 1.5T 自动 两驱精英型 蓝标,长城哈弗H2转向机异响要求厂家保修处理,转向系统,异响,,服务态度,服务态度,不予索赔,2020/6/22,处理反馈
486893,东风本田,本田UR-V,2017款 240TURBO 两驱 经典版 国VI,东风本田UR-V发动机怠速抖动 方向盘抖动,发动机,怠速不稳,转向系统,抖动,,,2020/6/22,处理反馈
486892,吉利汽车,博越,2018款 1.8TD 自动 两驱 智联型 4G互联版,吉利博越4S店销售新车收取定位服务费,,服务收费,,服务收费,服务收费,变相收费,2020/6/22,处理反馈
486889,长安标致雪铁龙DS,DS6,2014款 1.6T 豪华版THP160,长安标致雪铁龙DS6发动机烧机油反复拖延,发动机,烧机油,,服务态度,服务态度,故意拖延,2020/6/22,信息审核
486877,上汽集团,名爵HS,无,上汽名爵HS经销商出售问题车不退还订金,,服务收费,,销售欺诈,服务收费,定（订）金纠纷,2020/6/22,处理反馈
486876,吉利汽车,博越,2020款 1.8TD DCT 智领PRO,吉利博越挡位灯与宣传不符厂家不回复,,服务态度,,销售欺诈,服务态度,厂家不回复,2020/6/22,处理反馈
486875,上汽集团,荣威RX5 MAX,2019款 300TGI 自动 4G互联豪华版,上汽荣威RX5 MAX系统信息与实际不符,,销售欺诈,,销售欺诈,销售欺诈,出售问题车,2020/6/22,处理反馈
486873,一汽奔腾,奔腾B50,2016款 1.6L 手动 豪华型,一汽奔腾B50空调系统故障厂家未回复,车身附件及电器,空调问题,,服务态度,服务态度,厂家不回复,2020/6/22,信息审核
486872,奥迪（进口）,奥迪Q7,2019款 55 TFSI S line运动型,奥迪Q7两前车窗升降失灵影响正常使用,车身附件及电器,车窗升降故障,,,,,2020/6/22,信息审核
486871,广汽乘用车,传祺GS7,2017款 320T 两驱 豪华智联型,广汽传祺GS7发动机冷却液减少要求解决,发动机,冷却系统故障,,,,,2020/6/22,处理反馈
486869,江铃福特,领界,2019款 EcoBoost 145 CVT 尊领型 国VI,江铃福特领界发动机异响希望尽快处理,发动机,异响,,,,,2020/6/22,处理反馈
486868,长安马自达,马自达3 昂克赛拉,2016款 1.5L 自动 豪华型 三厢,长安马自达昂克赛拉中控台屏幕右上角脱胶,车身附件及电器,部件开裂,,,,,2020/6/22,处理反馈
486866,长安汽车,长安CS55,2017款 1.5T 手动 炫动型,长安CS55轮毂氧化脱皮存在质量问题,车身附件及电器,轮毂问题,,,,,2020/6/22,处理反馈
486863,上汽大众,途观L,2018款 330TSI 自动 两驱 豪华版,上汽大众途观L天窗堵塞漏水气囊故障灯亮,车身附件及电器,气囊故障,车身附件及电器,天窗漏水,,,2020/6/22,信息审核
486861,上汽集团,名爵6,2017款 20T 手动 豪华智联版 国V,上汽名爵6事故维修售后承诺给予补偿未兑现,,人员技术,,承诺不兑现,人员技术,修出新问题,2020/6/22,用户评分
486860,吉利汽车,星越,2019款 350T 暗夜骑士限量版,吉利星越车机系统升级后死机卡顿严重,车身附件及电器,车载互联故障,,服务流程不完善,服务流程不完善,系统升级问题,2020/6/22,处理反馈
486859,一汽-大众,迈腾,2019款 330TSI DSG 豪华型 国VI,一汽大众迈腾车漆多处腐蚀4S店拒绝处理,车身附件及电器,漆面起泡开裂,,服务态度,服务态度,否认质量问题,2020/6/22,用户评分
486855,吉利汽车,远景,2020款 1.5L 手动 亚运版,吉利远景倒车影像花屏4S店不回复,车身附件及电器,影音系统故障,,,,,2020/6/22,处理反馈
486852,上汽大众,途安,2011款 1.4TSI DSG 智雅版 5座,上汽大众途安变速箱顿挫厂家否认质量问题,变速器,顿挫,,服务态度,服务态度,否认质量问题,2020/6/22,用户评分
486851,奇瑞汽车,艾瑞泽7,2015款 1.6L CVT 致享版,奇瑞艾瑞泽7加速时空调压缩机异响,车身附件及电器,空调问题,,,,,2020/6/22,处理反馈
486847,吉利汽车,星越,2019款 350T 驭星者,吉利星越车机黑屏死机宣传与实车搭载不符,车身附件及电器,车载互联故障,,销售欺诈,销售欺诈,与宣传不符,2020/6/22,处理反馈
486845,一汽红旗,红旗H5,2019款 30TD 智联韵动版,一汽红旗H5手机端更新后 无法与车机互联,车身附件及电器,车载互联故障,,服务流程不完善,服务流程不完善,系统升级问题,2020/6/22,信息审核
486844,一汽丰田,RAV4荣放,2020款 2.5L CVT 四驱 精英版 双擎,一汽丰田RAV4荣放机油增多要求处理,发动机,机油增多,,,,,2020/6/22,信息审核
486842,英菲尼迪（进口）,英菲尼迪Q50,2014款 2.0T 舒适版,英菲尼迪Q50发动机灯亮 启停系统故障,发动机,故障灯亮,车身附件及电器,发动机启停系统故障,,,2020/6/22,信息审核
486838,一汽丰田,卡罗拉,2011款 1.8 CVT GL-i,一汽丰田卡罗拉掉毂掉漆氧化希望处理,车身附件及电器,轮毂问题,,,,,2020/6/22,信息审核
486830,吉利汽车,星越,2019款 350T 驭星者,吉利星越出现死机现象系统版本不符,车身附件及电器,车载互联故障,,销售欺诈,销售欺诈,与宣传不符,2020/6/22,处理反馈
486825,一汽丰田,奕泽IZOA,2018款 2.0L 奕驰版 国VI,一汽丰田奕泽IZOA副驾侧异响4S店未解决,车身附件及电器,车内异响,车身附件及电器,中控台异响,人员技术,查不出原因,2020/6/22,信息审核
486824,吉利汽车,博越,2020款 1.8TD DCT 智慧PRO,吉利博越后防撞梁材料存在不同程度缩水,,销售欺诈,,其他,销售欺诈,与宣传不符,2020/6/22,用户评分
486820,广汽本田,凌派,2015款 1.8 自动 豪华版,广汽本田凌派变速箱渗油4S店不予索赔,变速器,漏油,,服务态度,服务态度,不予索赔,2020/6/22,处理反馈
486817,一汽-大众,高尔夫,2017款 1.6L 自动 舒适百万辆纪念版,一汽大众高尔夫主驾侧车门接触开关损坏,车身附件及电器,传感器故障,,,,,2020/6/22,处理反馈
486812,吉利汽车,缤越,2019款 260T DCT 骑士 国VI,吉利缤越车辆停放后出现多处故障无法行驶,车身附件及电器,车身模块故障,,,,,2020/6/22,用户评分
486810,长安马自达,马自达3 昂克赛拉,2017款 1.5L 自动 尊贵型 三厢 国V,长安马自达昂克赛拉高速共振 后视镜打不开,车身附件及电器,车身共振,车身附件及电器,后视镜故障,,,2020/6/22,处理反馈
486809,广汽本田,飞度,2014款 1.5L CVT SE时尚型,广汽本田飞度发动机启动异响 变速箱顿挫,发动机,异响,变速器,顿挫,,,2020/6/22,处理反馈
486807,北京现代,领动,2018款 1.4T 双离合 炫动·活力型,北京现代领动起步时变速器异响顿挫明显,变速器,异响,变速器,顿挫,,,2020/6/21,用户评分
486805,东风标致,标致308,2013款 1.6L 自动 优尚型,东风标致308变速箱顿挫 故障灯亮 无法提速,变速器,顿挫,变速器,故障灯亮,,,2020/6/21,用户评分
486802,北京奔驰,奔驰C级,2019款 C 260 运动版,北京奔驰C级4S店服务态度差 维修技术差,,服务态度,,人员技术,服务态度,态度蛮横,2020/6/21,信息审核
486800,东风标致,标致408,2015款 1.2T 自动 豪华版,东风标致408固特异轮胎开裂鼓包,轮胎,开裂,,,,,2020/6/21,用户评分
486799,东风本田,本田XR-V,2017款 1.8L EXi CVT 舒适版,东风本田XR-V发动机挂挡后抖动 刹车异响,发动机,抖动,制动系统,异响,,,2020/6/21,处理反馈
486798,一汽-大众,探岳,2019款 330TSI 两驱 豪华型 国Ⅵ,一汽大众探岳变速箱降挡是异响严重,变速器,异响,,,,,2020/6/21,处理反馈
486795,奇瑞新能源,瑞虎3xe,2018款 480 畅行版,奇瑞瑞虎3xe电池电量消耗速度过快,车身附件及电器,动力电池故障,,,,,2020/6/21,厂家受理
486793,吉利汽车,吉利GX7,2014款 1.8L 手动 超值版,吉利GX7转向系统漏油 4S店服务态度差,转向系统,漏油,,配件争议,配件争议,未按时到货,2020/6/21,用户评分
486792,一汽-大众,迈腾,2015款 1.8TSI 豪华型,一汽大众迈腾变速箱机电控制单元损坏,变速器,滑阀箱故障,,,,,2020/6/21,处理反馈
486782,吉利汽车,星越,2019款 350T 驭星者,吉利星越车机死机车机系统与宣传不符,车身附件及电器,车载互联故障,,销售欺诈,销售欺诈,与宣传不符,2020/6/21,处理反馈
486779,东风悦达起亚,焕驰,2019款 1.4L 手动 智享版Value 国VI,东风悦达起亚焕驰变速箱顿挫 怠速转速高,发动机,怠速不稳,变速器,顿挫,,,2020/6/21,处理反馈
486778,一汽-大众,迈腾,2015款 1.8TSI 豪华型,一汽大众迈腾车内存在刺鼻的异味,车身附件及电器,车内异味,,,,,2020/6/21,用户评分
486772,吉利汽车,博越,2020款 1.8TD DCT 智尊PRO,吉利博越行驶过程中转向和底盘出现异响,转向系统,异响,前后桥及悬挂系统,底盘异响,,,2020/6/21,用户评分
486770,一汽大众,捷达VS5,2019款 280TSI 自动 荣耀型,捷达VS5发动机抖动故障灯亮发动机舱漏水,发动机,抖动,发动机,故障灯亮,,,2020/6/21,用户评分
486768,吉利汽车,星越,2019款 350T 暗夜骑士限量版,吉利星越车机死机系统版本与宣传不符,车身附件及电器,车载互联故障,,销售欺诈,销售欺诈,与宣传不符,2020/6/21,用户评分
486766,吉利汽车,星越,2019款 350T 驭星者,吉利星越车机版本升级后依然卡顿,,服务流程不完善,,,服务流程不完善,系统升级问题,2020/6/21,处理反馈
486760,东风悦达起亚,起亚K3,2016款 1.6L 自动 GLS,东风悦达起亚K3前挡风玻璃开裂 变速箱脱挡,变速器,脱挡,车身附件及电器,玻璃开裂,,,2020/6/21,处理反馈
486758,长城汽车,哈弗H8,2015款 2.0T 两驱 标准型 5座,哈弗H8天窗排水管堵塞电器控制模块浸水失灵,车身附件及电器,天窗漏水,,,,,2020/6/21,处理反馈
486757,北京现代,名图,2017款 1.6T 自动 智能型 GLS,北京现代名图天窗异响 转向异响,转向系统,异响,车身附件及电器,天窗异响,,,2020/6/21,处理反馈
486756,东风标致,标致3008,2016款 2.0L 自动 潮流版,东风标致3008米其林轮胎出现开裂的现象,轮胎,开裂,,,,,2020/6/21,处理反馈
486751,上汽集团,名爵ZS,2020款 260TGI 自动 Trophy Plus L2+,上汽名爵ZS发动机异响 方向盘按键故障,发动机,异响,车身附件及电器,影音系统故障,,,2020/6/21,用户评分
486738,上汽大众,朗逸,2017款 1.6L 手动 舒适版,上汽大众朗逸副驾驶门锁不住刹车异响,制动系统,异响,车身附件及电器,中控锁故障,,,2020/6/21,处理反馈
486737,广汽本田,飞度,2014款 1.5L 手动 LX舒适型,广汽本田飞度冷车启动时发动机异响严重,发动机,异响,,,,,2020/6/21,处理反馈
486730,吉利汽车,星越,2019款 改款 350T 耀星者,吉利星越车机更新后呼叫启动没反应,,服务流程不完善,,,服务流程不完善,系统升级问题,2020/6/21,用户评分
486729,上汽通用五菱,五菱宏光,2014款 1.5L 标准型,上汽通用五菱宏光发动机报警怠速高,发动机,故障灯亮,发动机,噪音大,,,2020/6/21,处理反馈
486728,吉利汽车,星越,2019款 350T 耀星者,吉利星越车机升级后依然卡顿要求处理,,服务流程不完善,,,服务流程不完善,系统升级问题,2020/6/21,处理反馈
486727,吉利汽车,帝豪,2017款 1.5L CVT 豪华型 三厢 百万款,吉利帝豪起步时变速箱顿挫要求处理,变速器,顿挫,,,,,2020/6/21,处理反馈
486721,奇瑞新能源,奇瑞eQ1,2017款 智享版,奇瑞eQ1动力电池故障导致报警希望处理,车身附件及电器,动力电池故障,,,,,2020/6/21,厂家受理
486717,长安汽车,锐程CC,2020款 1.5T 自动 潮锐型,长安锐程CC无法升挡影响正常使用,变速器,无法换挡,,,,,2020/6/21,处理反馈
486716,上汽斯柯达,速派,2013款 1.4T DSG 绅仕版,斯柯达速派起步时变速箱故障无法行驶,变速器,滑阀箱故障,,,,,2020/6/21,处理反馈
486707,吉利汽车,博越,2020款 1.8TD DCT 智慧PRO,吉利博越宣传与实车不符无挡位灯,,销售欺诈,,,销售欺诈,与宣传不符,2020/6/21,处理反馈
486706,上汽大众,桑塔纳,2017款 1.6L 手动 风尚型 Cross,上汽大众桑塔纳韩泰轮胎开裂半轴球笼漏油,轮胎,开裂,前后桥及悬挂系统,底盘异响,,,2020/6/21,信息审核
486704,东风本田,本田CR-V,2015款 2.4L 两驱 豪华版,东风本田CR-V发动机熄火希望厂家处理,发动机,熄火,,人员技术,人员技术,多次返修,2020/6/21,处理反馈
486700,众泰汽车,众泰E200,2018款 Pro,众泰E200行驶过程中失去动力存在安全隐患,发动机,电驱动控制器故障,,服务态度,服务态度,不解决问题,2020/6/21,信息审核
486699,一汽-大众,探岳,2019款 330TSI 两驱 尊贵型 国V,一汽大众探岳大灯亮度严重不足影响安全,车身附件及电器,车灯不亮,,,,,2020/6/21,用户评分
486698,奇瑞汽车,瑞虎5x,2019款 HERO 1.5T DCT 高能版,奇瑞瑞虎5x车机系统反应慢断线希望厂家解决,车身附件及电器,导航问题,车身附件及电器,车载互联故障,,,2020/6/21,处理反馈
486696,吉利汽车,星越,2019款 300T 耀星者,吉利星越车机系统死机系统与宣传不符,车身附件及电器,车载互联故障,,销售欺诈,销售欺诈,与宣传不符,2020/6/21,处理反馈
486694,吉利汽车,远景X6,2016款 1.3T CVT 豪华型,吉利远景X6发动机冷车启动困难转速低,发动机,无法启动,发动机,怠速不稳,,,2020/6/21,处理反馈
486691,一汽-大众奥迪,奥迪A4L,2019款 40 TFSI 时尚型 国VI,一汽大众奥迪A4L空调风口吹自然风有异味,车身附件及电器,空调异味,,服务态度,服务态度,不解决问题,2020/6/21,信息审核
486690,上汽大众,途观L,2018款 330TSI 自动 两驱 舒适版,上汽大众途观L车辆无法启动要求厂家处理,变速器,漏油,制动系统,ABS故障,服务态度,不解决问题,2020/6/21,信息审核
486687,广汽本田,雅阁,2016款 2.0L CVT  舒适版,广汽本田雅阁转向机异响厂家否认质量问题,转向系统,异响,,服务态度,服务态度,否认质量问题,2020/6/21,用户评分
486684,比亚迪,比亚迪e5,2018款 450 智联 畅享型,比亚迪e5动力电池故障4S店服务态度恶劣,车身附件及电器,动力电池故障,,服务态度,服务态度,不解决问题,2020/6/21,处理反馈
486683,东风本田,杰德,2016款 1.8L 自动 舒适精英版 5座,东风本田杰德左前升降器故障4S店拒赔,车身附件及电器,门窗异响,车身附件及电器,车窗升降故障,服务态度,不予索赔,2020/6/21,处理反馈
486682,东风乘用车,风神AX7,2016款 2.0L 自动 智悦型,东风风神AX7车身生锈腐蚀希望厂家处理,车身附件及电器,车身生锈,,服务态度,服务态度,不予索赔,2020/6/21,处理反馈
486678,吉利汽车,嘉际,2019款 1.5TD MHEV DCT 尊享型,吉利嘉际流光氛围灯虚假宣传与实车不符,,销售欺诈,,,销售欺诈,与宣传不符,2020/6/21,处理反馈
486675,上汽大通,上汽MAXUS G10,2021款 2.0T 手动 精英版 柴油 7座,上汽大通G10后备箱门把手断裂厂家拒赔,车身附件及电器,车门把手故障,,服务态度,服务态度,不予索赔,2020/6/21,处理反馈
486665,一汽大众,捷达VS5,2019款 280TSI 自动 悦享型,一汽大众捷达VS5导水槽漏水导致涡轮生锈,车身附件及电器,车身漏水,,,,,2020/6/21,处理反馈
486664,吉利新能源,星越新能源,2019款 改款 400T 耀星者 纯电动续航56KM,吉利星越新能源车机死机要求更换硬件,车身附件及电器,车载互联故障,,销售欺诈,销售欺诈,与宣传不符,2020/6/21,处理反馈
486662,吉利汽车,博越,2020款 1.8TD 手动 两驱 智雅型,吉利博越4S店发票价格与收款金额不符,,服务收费,,,服务收费,价格不透明,2020/6/21,用户评分
486661,一汽大众,捷达VS5,2019款 280TSI 自动 悦享型,一汽大众捷达VS5低速行驶中右前轮异响,前后桥及悬挂系统,车轮异响,,,,,2020/6/21,处理反馈
486655,吉利汽车,星越,2019款 300T 耀星者,吉利星越车机系统出现死机现象希望尽快处理,车身附件及电器,车载互联故障,,销售欺诈,销售欺诈,与宣传不符,2020/6/21,处理反馈
486654,上汽通用五菱,五菱荣光V,2015款 1.5L 基本型,上汽通用五菱荣光车身底盘生锈腐烂变速箱异响,变速器,异响,车身附件及电器,车身生锈,,,2020/6/21,处理反馈
486653,东风风行,景逸X3,2016款 1.5L 豪华型,东风风行景逸X3行驶中右后下摆臂断裂,前后桥及悬挂系统,下摆臂故障,车身附件及电器,部件开裂,,,2020/6/21,处理反馈
486652,吉利汽车,星越,2019款 改款 350T 耀星者,吉利星越车机系统升级后卡顿未解决,,服务流程不完善,,,服务流程不完善,系统升级问题,2020/6/21,处理反馈
486650,吉利汽车,星越,2019款 350T 耀星者,吉利星越车机系统黑屏版本与宣传不符,车身附件及电器,车载互联故障,,销售欺诈,销售欺诈,与宣传不符,2020/6/21,处理反馈
486648,吉利汽车,博越,2020款 1.8TD DCT 智领PRO,吉利博越雾灯以及挡位灯与宣传不符,,其他,,,,,2020/6/21,用户评分
486643,吉利汽车,博越,2020款 1.8TD DCT 智领PRO,吉利博越实车配置与宣传不符要求解决,,销售欺诈,,,销售欺诈,与宣传不符,2020/6/21,处理反馈
486642,长城汽车,长城C30,2016款 1.5L AMT 豪华型,长城C30变速箱挂挡异响车身生锈,发动机,异响,车身附件及电器,车身生锈,,,2020/6/21,处理反馈
486641,北京现代,领动,2020款 1.4T 双离合 炫动·旗舰型,北京现代领动发动机漏油变速箱起步顿挫,发动机,漏油,发动机,涡轮增压器故障,,,2020/6/21,处理反馈
486638,一汽-大众奥迪,奥迪A6L,2018款 30 FSI CVT 风尚型,一汽大众奥迪A6L天窗漏水4S店维修多次,车身附件及电器,天窗漏水,,服务态度,服务态度,不解决问题,2020/6/21,信息审核
486637,吉利汽车,星越,2019款 350T AWD 驭星者,吉利星越车机与宣传不符 内饰异响,车身附件及电器,中控台异响,,,,,2020/6/21,用户评分
486636,吉利汽车,远景X6,2016款 1.3T CVT 旗舰型,吉利远景X6安全气囊故障灯报警希望处理,车身附件及电器,气囊故障,,,,,2020/6/21,用户评分
486632,东风日产,天籁,2016款 2.0L XL 舒适版 改款,东风日产天籁仪表盘开裂 厂家不索赔,车身附件及电器,部件开裂,,服务态度,服务态度,不予索赔,2020/6/21,用户评分
486631,一汽-大众,宝来,2019款 1.5L 自动 精英型,一汽大众宝来电池电量不足自动启停无法激活,车身附件及电器,电瓶故障,,,,,2020/6/21,用户评分
486630,吉利汽车,博越,2020款 1.8TD DCT 智领PRO,吉利博越实车变速箱没有挡位灯指示,,销售欺诈,,,销售欺诈,与宣传不符,2020/6/21,用户评分
486627,吉利汽车,帝豪GS,2016款 1.3T 自动 领尚型 运动版,吉利帝豪GS发动机异响车身生锈厂家不处理,发动机,异响,变速器,异响,服务态度,不解决问题,2020/6/21,处理反馈
486625,长城汽车,哈弗H7,2017款 2.0T 尊贵型 蓝标 H7L,长城哈弗H7飞轮和离合器损坏4S店不保修,离合器,异响,离合器,离合器失效,服务态度,不予索赔,2020/6/21,用户评分
486624,广汽本田,雅阁,2018款 260TURBO 豪华版 国V,广汽本田雅阁发动机渗油异响希望厂家处理,发动机,异响,发动机,漏油,,,2020/6/21,处理反馈
486623,长安汽车,长安CS35,2017款 1.6L 自动 豪华型,长安CS35行驶中方向盘跑偏无法解决,前后桥及悬挂系统,跑偏,,,,,2020/6/21,用户评分
486621,东风标致,标致408,2015款 1.2T 自动 豪华版,东风标致408行驶中加速出现失速车辆抖动,发动机,抖动,发动机,无法提速,服务态度,不解决问题,2020/6/21,处理反馈
486615,吉利汽车,星越,2019款 350T 驭星者,吉利星越车机系统升级后未能解决问题,,服务流程不完善,,,服务流程不完善,系统升级问题,2020/6/21,处理反馈
486597,上汽大众,Polo,2016款 1.6L 自动 豪华型,上汽大众Polo轮胎偏磨4S店私自维修无单据,轮胎,磨损,,服务态度,服务态度,不解决问题,2020/6/21,信息审核
486592,吉利汽车,星越,2019款 350T 耀星者,吉利星越车机死机硬件与宣传不符要求更换,车身附件及电器,车载互联故障,,销售欺诈,销售欺诈,与宣传不符,2020/6/21,处理反馈
486588,上汽斯柯达,柯迪亚克,2018款 TSI330 两驱 舒适版 5座,上汽斯柯达柯迪亚克发动机共振中控台异响,发动机,抖动,车身附件及电器,车内异响,服务态度,不解决问题,2020/6/21,信息审核
486587,长安马自达,马自达3 昂克赛拉,2016款 1.5L 自动 豪华型 三厢,长安马自达昂克赛拉中控屏开裂4S店不保修,车身附件及电器,部件开裂,,服务态度,服务态度,不予索赔,2020/6/21,处理反馈
486586,吉利汽车,远景,2016款 1.5L 自动 幸福版,吉利远景变速箱出现故障 倒挡失灵,变速器,电脑板故障,,,,,2020/6/21,处理反馈
486585,东风雪铁龙,C4世嘉,2016款 1.2THP 自动 旗舰型,雪铁龙C4世嘉方向管柱松动 ABS传感器故障,转向系统,转向机故障,制动系统,ABS故障,,,2020/6/21,处理反馈
486584,一汽-大众,探岳,2019款 330TSI 两驱 豪华型 国V,一汽大众探岳大灯模糊 影响照明,车身附件及电器,车灯不亮,,,,,2020/6/21,处理反馈
486577,东风英菲尼迪,英菲尼迪Q50L,2015款 2.0T 自动 舒适版,东风英菲尼迪Q50L开热风时车内存在汽油味,车身附件及电器,空调问题,,,,,2020/6/21,信息审核
486576,江淮汽车,嘉悦A5,2020款 1.5T CVT 超越型,江淮嘉悦A5后备箱门把手装饰板松动,车身附件及电器,车身装饰脱落,车身附件及电器,车门把手故障,,,2020/6/21,处理反馈
486575,蔚来,蔚来ES8,2018款 创始版,蔚来ES8自动驾驶辅助摄像头故障,车身附件及电器,影音系统故障,,,,,2020/6/21,信息审核
486574,东风本田,INSPIRE,2019款 锐·混动 2.0L 净雅版 国VI,东风本田INSPIRE锈蚀严重4S店服务态度恶劣,车身附件及电器,车身生锈,,服务态度,服务态度,不解决问题,2020/6/21,处理反馈
486571,领克汽车,领克01,2017款 2.0T 自动 两驱 耀Pro,领克01左前半轴防尘套出现漏油现象,前后桥及悬挂系统,半轴渗油,,,,,2020/6/21,处理反馈
486570,北京奔驰,奔驰GLC,2019款 GLC 260 4MATIC 动感型,北京奔驰GLC减震器漏油 刹车异响眼镜盒脱落,制动系统,异响,前后桥及悬挂系统,减震器漏油,,,2020/6/21,信息审核
486568,上汽大通,上汽MAXUS G50,2019款 1.5T 自动 豪华版 国V,上汽大通G50冷媒泄漏 空调不制冷,车身附件及电器,空调问题,,,,,2020/6/21,处理反馈
486566,吉利汽车,星越,2019款 350T 耀星者,吉利星越车机系统出现死机要求升级硬件,车身附件及电器,车载互联故障,,,,,2020/6/21,处理反馈
486564,东风标致,标致408,2014款 1.6T 自动 至尊版,东风标致408后桥异响存在安全隐患要求召回,前后桥及悬挂系统,前后桥异响,,,,,2020/6/21,用户评分
486552,一汽-大众,迈腾,2015款 1.8TSI 豪华型,一汽大众迈腾变速箱机电控制单元故障,变速器,异响,变速器,故障灯亮,,,2020/6/21,用户评分
486550,一汽-大众奥迪,奥迪Q5L,2018款 45 TFSI 尊享时尚型 国VI,一汽大众奥迪Q5L驾驶室化妆镜开裂,车身附件及电器,玻璃开裂,,,,,2020/6/21,信息审核
486549,吉利汽车,星越,2019款 350T 驭星者,吉利星越前悬挂异响变速箱换挡顿挫,变速器,顿挫,前后桥及悬挂系统,减震器异响,,,2020/6/21,用户评分
486545,长安马自达,马自达3 昂克赛拉,2016款 1.5L 手动 豪华型 三厢,长安马自达昂克赛拉屏幕边缘处脱胶,车身附件及电器,部件开裂,,,,,2020/6/21,处理反馈
486542,吉利汽车,星越,2019款 350T AWD 驭星者,吉利星越变速箱顿挫 减震异响 车机死机,变速器,顿挫,前后桥及悬挂系统,减震器异响,,,2020/6/21,处理反馈
486541,吉利汽车,星越,2019款 改款 350T 驭星者AWD,吉利星越车机系统升级后未能解决问题,,服务流程不完善,,,服务流程不完善,系统升级问题,2020/6/21,处理反馈
486539,上汽大众,朗逸,2017款 1.6L 自动 舒适版,上汽大众朗逸韩泰轮胎开裂希望更换,轮胎,开裂,,,,,2020/6/20,信息审核
486535,吉利汽车,星越,2019款 350T 耀星者,吉利星越车机系统升级措施不到位,,服务流程不完善,,,服务流程不完善,系统升级问题,2020/6/20,处理反馈
486532,一汽丰田,皇冠,2018款 2.0T 运动版,一汽丰田皇冠刹车异响转向异响4S店未解决,转向系统,异响,制动系统,异响,服务态度,不解决问题,2020/6/20,信息审核
486528,吉利汽车,星越,2019款 350T 驭星者,吉利星越方向盘异响车机系统与宣传不符,转向系统,异响,车身附件及电器,影音系统故障,销售欺诈,与宣传不符,2020/6/20,用户评分
486527,吉利汽车,星越,2019款 350T 耀星者,吉利星越行驶中方向跑偏 刹车盘异响,制动系统,异响,前后桥及悬挂系统,跑偏,,,2020/6/20,处理反馈
486523,广汽丰田,凯美瑞,2019款 2.5G 豪华版 国VI,广汽丰田凯美瑞制动时变速箱故障无法减速,变速器,电脑板故障,,,,,2020/6/20,处理反馈
486521,一汽-大众,宝来,2019款 改款 280TSI DSG 精英型 国V,一汽大众宝来仪表盘罩开裂4S店不给保修,车身附件及电器,部件开裂,,服务态度,服务态度,不予索赔,2020/6/20,处理反馈
486520,长安汽车,长安CS75 PLUS,2020款 2.0T 自动 旗舰型,长安CS75 PLUS全景影像模糊 车机卡顿,车身附件及电器,影音系统故障,,销售欺诈,销售欺诈,与宣传不符,2020/6/20,处理反馈
486512,广汽本田,飞度,2014款 1.5L CVT SE时尚型,广汽本田飞度发动机异响希望厂家给与保修,发动机,异响,,服务态度,服务态度,不予索赔,2020/6/20,处理反馈
486511,吉利汽车,星越,2019款 350T 耀星者,吉利星越车机与宣传不符出现死机黑屏,车身附件及电器,车载互联故障,,,,,2020/6/20,处理反馈
486510,一汽-大众,迈腾,2017款 330TSI DSG 豪华型,一汽大众迈腾变速箱顿挫 厂家不回复,变速器,顿挫,,服务态度,服务态度,厂家不回复,2020/6/20,处理反馈
486509,一汽-大众,探岳,2019款 330TSI 四驱 豪华型 国V,一汽大众探岳两前大灯透镜发白4S店不处理,车身附件及电器,车灯不亮,,服务态度,服务态度,不解决问题,2020/6/20,处理反馈
486505,上汽大众,朗逸,2017款 1.6L 自动 风尚版,上汽大众朗逸轮胎胎面开裂厂家不予解决,轮胎,开裂,,服务态度,服务态度,不解决问题,2020/6/20,处理反馈
486504,长城汽车,哈弗H6 Coupe,2016款 1.5T 自动 两驱精英型,哈弗H6Coupe涡轮增压器损坏不解决问题,发动机,涡轮增压器故障,,服务态度,服务态度,不解决问题,2020/6/20,处理反馈
486501,一汽丰田,卡罗拉,2011款 1.6 自动 GL 纪念版,一汽丰田卡罗拉4S店更换非原厂车门拒不承认,,人员技术,,配件争议,人员技术,维修技术差,2020/6/20,信息审核
486500,吉利汽车,远景,2018款 1.5L 自动 幸福版,吉利远景4S店维修后漆面多处损伤不处理,车身附件及电器,门窗异响,,服务态度,服务态度,不解决问题,2020/6/20,处理反馈
486498,一汽奔腾,奔腾T77,2019款 230 TID 自动 豪华型 国V,一汽奔腾T77车身漏电电瓶损坏4S店不保修,车身附件及电器,电瓶故障,车身附件及电器,电路故障,服务态度,不予索赔,2020/6/20,信息审核
486495,广汽三菱,欧蓝德,2019款 2.0L 两驱 畅享版 5座 国VI,三菱欧蓝德发动机抖动噪音大厂家不解决,发动机,抖动,变速器,顿挫,服务态度,不解决问题,2020/6/20,厂家受理
486494,华晨宝马,宝马X1,2013款 sDrive18i 2.0L 自动 领先型,华晨宝马X1车内异味严重4S店不予保修,车身附件及电器,车内异味,,服务态度,服务态度,不予索赔,2020/6/20,厂家受理
486489,上汽集团,荣威Ei5,2019款 智联旗舰版,上汽荣威Ei5充电慢且充电时自动断开,车身附件及电器,充电故障,,,,,2020/6/20,用户评分
486487,众泰汽车,众泰E200,2018款 Pro,众泰E200动力电池故障没有售后无法解决,车身附件及电器,动力电池故障,,服务态度,服务态度,厂家不回复,2020/6/20,信息审核
486486,吉利汽车,帝豪GL,2019款 1.4T CVT 精英智享版,吉利帝豪GL中控台排挡杆异响4S店不处理,车身附件及电器,车内异响,车身附件及电器,中控台异响,服务态度,不解决问题,2020/6/20,用户评分
486481,东风标致,标致408,2015款 1.2T 自动 豪华版,东风标致408行驶中底盘异响厂家拒绝保修,前后桥及悬挂系统,前后桥异响,,服务态度,服务态度,不予索赔,2020/6/20,用户评分
486474,长城汽车,风骏7,2019款 2.0T 柴油 两驱 精英型 国VI 大双 4D20M,长城风骏7发动机无法启动4S店不处理,发动机,无法启动,,服务态度,服务态度,不解决问题,2020/6/20,用户评分
486473,东风悦达起亚,起亚K3,2019款 1.4T DCT GT-line智享运动版,东风锐达起亚K3底盘异响要求厂家解决,前后桥及悬挂系统,底盘异响,前后桥及悬挂系统,减震器生锈,,,2020/6/20,处理反馈
486471,东风日产,天籁,2020款 2.0L XL 舒适版,东风日产天籁车辆跑偏4S店多次维修敷衍了事,前后桥及悬挂系统,跑偏,,服务态度,服务态度,不解决问题,2020/6/20,用户评分
486470,海马汽车,海马S5,2015款 1.5T CVT 豪华型 运动版,海马S5变速箱故障方向沉没有4S店维修,发动机,故障灯亮,发动机,功率不足,配件争议,无零配件,2020/6/20,处理反馈
486468,一汽-大众奥迪,奥迪Q5L,2018款 40 TFSI 荣享进取型 国V,一汽大众奥迪Q5L行驶中变速箱换挡顿挫,变速器,异响,变速器,顿挫,服务态度,不解决问题,2020/6/20,信息审核
486463,吉利汽车,远景,2016款 1.5L 自动 幸福版,吉利远景变速箱损坏无法加速4S店不予保修,变速器,无法加速,,服务态度,服务态度,不予索赔,2020/6/20,用户评分
486462,吉利汽车,帝豪,2014款 1.3T CVT 精英型 两厢,吉利帝豪车身以及车门生锈腐蚀严重,车身附件及电器,车身生锈,,,,,2020/6/20,处理反馈
486460,一汽丰田,RAV4荣放,2020款 双擎 2.5L CVT 四驱 精英PLUS版,一汽丰田荣放RAV4车身B柱装饰板腐蚀,车身附件及电器,部件异常磨损,,,,,2020/6/20,信息审核
486459,吉利汽车,远景,2016款 1.5L 自动 幸福版,吉利远景挂倒挡时不踩油门车辆无法移动,变速器,无法加速,,,,,2020/6/20,处理反馈
486458,奇瑞捷豹路虎,发现神行,2017款 2.0T PURE,奇瑞捷豹路虎发现神行启动后发动机异响,发动机,异响,,,,,2020/6/20,用户评分
486453,吉利汽车,星越,2019款 350T AWD 驭星者,吉利星越传动轴生锈半轴生锈,车身附件及电器,车身生锈,,,,,2020/6/20,用户评分
486452,一汽丰田,卡罗拉,2019款 1.2T S-CVT GL-i精英版,一汽丰田卡罗拉新车右前叶子板有修复痕迹,,销售欺诈,,,销售欺诈,出售问题车,2020/6/20,信息审核
486451,江淮汽车,瑞风S4,2019款 1.6L CVT 梦想型,江淮瑞风S4中控仪表盘开裂4S店拒绝索赔,车身附件及电器,部件开裂,,服务态度,服务态度,不予索赔,2020/6/20,处理反馈
486449,东风标致,标致408,2015款 1.2T 自动 荣耀版,东风标致408更换正时皮带后发动机烧机油,发动机,烧机油,,,,,2020/6/20,处理反馈
486447,上汽集团,荣威RX5 MAX,2019款 300TGI 自动 智能座舱旗舰版,上汽荣威RX5 MAX行驶中变速箱跳挡,变速器,跳挡,,,,,2020/6/20,处理反馈
486446,东风标致,标致408,2014款 1.8L 自动 豪华版,东风标致408转弯时后桥严重异响,前后桥及悬挂系统,前后桥异响,,,,,2020/6/20,处理反馈
486445,东风雷诺,科雷嘉,2019款 SCe200 自动 两驱 智悦型 周年版 国V,东风雷诺科雷嘉EASYLINK车联网服务改为收费,,承诺不兑现,,,承诺不兑现,销售承诺不兑现,2020/6/20,信息审核
486444,东风本田,本田XR-V,2020款 220 TURBO CVT 豪华版,东风本田XR-V行驶中底盘装甲突然掉落,,人员技术,,人员技术,人员技术,操作不规范,2020/6/20,用户评分
486442,上汽大众,途观,2012款 1.4TSI 手动 两驱 都会版,上汽大众途观4S店用外采件充当原装配件,,配件争议,,,配件争议,使用非原厂件,2020/6/20,信息审核
486433,广汽本田,皓影,2020款 锐·混动 2.0L 两驱 锐·豪华版,广汽本田皓影后视镜玻璃脱落厂家拒绝更换,车身附件及电器,后视镜故障,,,,,2020/6/20,处理反馈
486431,吉利汽车,帝豪,2016款 1.5L 手动 向上版 三厢,吉利帝豪转向抖动异响 减震器漏油 车窗漏风,转向系统,抖动,前后桥及悬挂系统,减震器漏油,,,2020/6/20,处理反馈
486423,上汽大众,朗逸,2017款 1.6L 手动 舒适版,上汽大众朗逸半轴油封漏油要求免费更换,前后桥及悬挂系统,半轴渗油,,,,,2020/6/20,信息审核
486422,吉利汽车,嘉际,2019款 1.5TD MHEV DCT 臻享型,吉利嘉际车机系统版本低无法使用,,销售欺诈,,,销售欺诈,与宣传不符,2020/6/20,用户评分
486421,长安汽车,逸动XT,2016款 1.6L GDI 自动 锐酷型 XT,长安逸动XT变速箱挂入P挡后卡死,变速器,挡把总成故障,,,,,2020/6/20,处理反馈
486418,广汽丰田,丰田C-HR,2018款 2.0L 领先天窗版 国VI,广汽丰田C-HR邓禄普轮胎外侧出现裂纹,轮胎,开裂,,,,,2020/6/20,用户评分
486416,北京现代,菲斯塔,2019款 280TGDi 运动版 国V,北京现代菲斯塔天窗异响 蓝牙断开,车身附件及电器,车载互联故障,车身附件及电器,天窗异响,,,2020/6/20,处理反馈
486415,东风风行,风行M6,2019款 1.5T 手动 长轴尊享型 7座,东风风行M6离合器漏油4店推脱不处理,离合器,漏油,,,,,2020/6/20,处理反馈
486413,猎豹汽车,Mattu,2018款 1.6T GDI DCT 精英型,猎豹Mattu发动机故障变速箱无动力输出,发动机,故障灯亮,变速器,脱挡,,,2020/6/20,信息审核
486411,广汽丰田,凯美瑞,2018款 2.5HG E-CVT 豪华版,广汽丰田凯美瑞机油增多无法解决,发动机,机油增多,,,,,2020/6/20,处理反馈
486400,吉利汽车,星越,2019款 350T 暗夜骑士限量版,吉利星越车机与宣传不符出现死机现象,车身附件及电器,车载互联故障,,销售欺诈,销售欺诈,与宣传不符,2020/6/20,处理反馈
486389,吉利汽车,星越,2019款 350T 耀星者,吉利星越车机系统升级后卡顿问题未解决,,服务流程不完善,,,服务流程不完善,系统升级问题,2020/6/20,用户评分
486388,一汽-大众,速腾,2019款 280TSI DSG 舒适型 国VI,一汽大众速腾发动机故障灯多次报警,发动机,故障灯亮,,,,,2020/6/20,处理反馈
486387,上汽集团,荣威350,2010款 1.5 手动 讯驰版 350S,上汽荣威350空调冷热风无法切换,车身附件及电器,空调问题,,,,,2020/6/20,用户评分
486386,东风雪铁龙,雪铁龙C4L,2014款 1.6THP 自动 智驱版 劲智型,东风雪铁龙C4L发动机正时链条套件故障,发动机,正时链条及齿轮故障,,,,,2020/6/20,处理反馈
486385,星途,星途LX,2019款 1.6T 星睿版,星途LX发动机与变速箱连接处漏油,发动机,漏油,变速器,漏油,,,2020/6/20,信息审核
486383,吉利汽车,缤越,2019款 260T DCT 骑士 国V,吉利缤越门窗漏风 车机版本老旧,车身附件及电器,门窗漏风,,承诺不兑现,承诺不兑现,服务承诺不兑现,2020/6/20,处理反馈
486380,一汽-大众,探岳,2020款 380TSI 四驱 R-Line智联版,一汽大众探岳发动机EPC故障灯亮,发动机,故障灯亮,,,,,2020/6/20,处理反馈
486379,长安马自达,马自达3 昂克赛拉,2017款 2.0L 自动 旗舰型 三厢 国V,长安马自达昂克赛拉后视镜自动折叠功能失灵,车身附件及电器,后视镜故障,,,,,2020/6/20,处理反馈
486378,野马汽车,野马T70,2016款 1.5T 手动 豪华型 升级版,野马T70倒车影像不显示黑屏厂家无配件,车身附件及电器,影音系统故障,,配件争议,配件争议,无零配件,2020/6/20,处理反馈
486377,广汽讴歌,讴歌CDX,2019款 1.5T 两驱 尊享版,广汽讴歌CDX变速箱顿挫车顶钢板太软,变速器,顿挫,,其他,,,2020/6/20,处理反馈
486376,奇瑞汽车,艾瑞泽5,2017款 1.5L 手动 领潮版,奇瑞艾瑞泽5空调制冷效果差存在质量问题,车身附件及电器,空调问题,,,,,2020/6/20,处理反馈
486375,广汽本田,缤智,2020款 1.5L CVT 先锋版,广汽本田缤智优科豪马轮胎漏气售后不予质保,轮胎,胎压偏低,,,,,2020/6/20,用户评分
486372,上汽通用五菱,新宝骏RS-5,2019款 1.5T CVT 智能驾控豪华版 国V,新宝骏RS-5玲珑轮胎龟裂 起皮严重,轮胎,开裂,轮胎,起皮,,,2020/6/20,处理反馈
486371,领克汽车,领克03,2019款 2.0TD 自动 劲版,领克03漆面龟裂售后服务差希望厂家处理,车身附件及电器,漆面起泡开裂,,服务态度,服务态度,态度蛮横,2020/6/20,处理反馈
486369,一汽马自达,阿特兹,2020款 2.5L 蓝天运动版,一汽马自达阿特兹车身B柱及中控台异响,车身附件及电器,中控台异响,车身附件及电器,车身异响,,,2020/6/20,用户评分
486368,东南汽车,东南DX3,2018款 1.5L 手动 尊贵型,东南DX3离合器异响4S店维修后未解决,离合器,异响,,,,,2020/6/20,处理反馈
486361,东风悦达起亚,凯绅,2019款 1.8L 自动 GLS,东风悦达起亚凯绅后备箱盖生锈严重,车身附件及电器,车身生锈,,,,,2020/6/20,处理反馈
486355,领克汽车,领克01,2017款 2.0T 自动 两驱 型 Pro,领克01低速行驶时刹车异响 转向异响,转向系统,异响,制动系统,异响,,,2020/6/20,用户评分
486353,吉利汽车,星越,2019款 350T 暗夜骑士限量版,吉利星越车机与宣传不符 中控台异响,车身附件及电器,中控台异响,,销售欺诈,销售欺诈,与宣传不符,2020/6/20,用户评分
486352,长安马自达,马自达3 昂克赛拉,2016款 1.5L 自动 豪华型 三厢,长安马自达昂克赛拉中控导航屏幕无故脱胶,车身附件及电器,影音系统故障,车身附件及电器,部件开裂,,,2020/6/20,处理反馈
486350,东风启辰,启辰D60,2019款 十万荣耀 1.6L Entry 手动 辰尚版 国VI,启辰D60后轮眉位置掉漆生锈存在质量问题,车身附件及电器,车身生锈,车身附件及电器,漆面起泡开裂,,,2020/6/20,信息审核
486349,吉利汽车,博越,2018款 1.8TD 自动 两驱 智联型 4G互联版,吉利博越刹车异响变速箱挂挡顿挫严重,变速器,顿挫,制动系统,异响,,,2020/6/20,用户评分
486347,华晨宝马,宝马3系,2017款 320i M 运动型,宝马3系冷却液水管断裂发动机高温报警,发动机,漏防冻液,发动机,冷却系统故障,,,2020/6/20,厂家受理
486342,吉利汽车,博越,2018款 1.8TD 自动 两驱 智联型 4G互联版,吉利博越手机APP无法控制车窗及定位,车身附件及电器,车载互联故障,,,,,2020/6/20,用户评分
486340,东风日产,轩逸,2016款 1.6XV CVT 智享版,东风日产轩逸变速箱高温热保护影响使用,变速器,无法加速,,,,,2020/6/20,处理反馈
486335,一汽-大众,探岳,2019款 380TSI 四驱 R-Line 国VI,一汽大众探岳大灯亮度不够透镜上有指纹,车身附件及电器,车灯不亮,车身附件及电器,雨刮器故障,,,2020/6/20,处理反馈
486333,一汽马自达,马自达CX-4,2020款 2.0L 自动 两驱 蓝天活力版,一汽马自达CX-4驾驶位A柱位置异响,车身附件及电器,车身异响,,,,,2020/6/20,处理反馈
486332,沃尔沃亚太,沃尔沃S60新能源,2015款 2.0T 智越版 E驱混动,沃尔沃S60新能源召回后空调问题频发,车身附件及电器,空调问题,,,,,2020/6/20,信息审核
486331,一汽马自达,阿特兹,2020款 2.5L 蓝天运动版,一汽马自达阿特兹车身B柱位置异响,车身附件及电器,车身异响,,,,,2020/6/20,处理反馈
486329,一汽-大众,速腾,2019款 200TSI 手动 舒适型 国VI,一汽大众速腾一挡起步时转速自动升高,发动机,怠速不稳,,,,,2020/6/20,处理反馈
486328,上汽集团,名爵HS,2019款 30T 自动 两驱 Trophy超燃版 国VI,上汽名爵HS发动机排放故障频发 动力消失,发动机,故障灯亮,发动机,动力消失,,,2020/6/20,用户评分
486327,吉利汽车,帝豪GS,2018款 1.4T 自动 领潮版 领尚智联型,吉利帝豪GS 4S店私自收回购车合同,,服务收费,,承诺不兑现,服务收费,定（订）金纠纷,2020/6/20,处理反馈
486323,一汽马自达,阿特兹,2020款 2.5L 蓝天尊崇版,一汽马自达阿特兹行驶过程中B柱异响,车身附件及电器,车身异响,,,,,2020/6/20,处理反馈
486321,上汽大众,途观L,2017款 330TSI 两驱 豪华版,上汽大众途观L车身共振影响驾驶安全,车身附件及电器,车身共振,,,,,2020/6/20,信息审核
486318,广汽丰田,凯美瑞,2015款 2.0G 自动 领先版,广汽丰田凯美瑞左前半轴有漏油现象,前后桥及悬挂系统,半轴渗油,,,,,2020/6/20,处理反馈
486314,奥迪（进口）,奥迪A1,2014款 30 TFSI Sportback 时尚型,进口奥迪A1变速箱机电单元故障引起故障灯亮,变速器,故障灯亮,变速器,滑阀箱故障,,,2020/6/20,信息审核
486312,Jeep（进口）,指南者（进口）,2014款 2.4L 自动 四驱 舒适版 改款,进口Jeep指南者隔音棉问题导致车内异味,车身附件及电器,车内异味,,,,,2020/6/20,厂家受理
486311,一汽-大众,迈腾,2017款 330TSI DSG 豪华型,一汽大众迈腾行驶中变速箱报警 挡位缺失,变速器,顿挫,变速器,故障灯亮,,,2020/6/20,处理反馈
486308,吉利汽车,嘉际,2019款 1.5TD MHEV DCT 尊享型,吉利嘉际尊享版和高配氛围灯虚假宣传,,销售欺诈,,,销售欺诈,与宣传不符,2020/6/20,处理反馈
486304,北汽新能源,北汽新能源EU5,2018款 EU5 R500 智尚版,北汽新能源EU5行驶时变速箱脱挡无法挂挡,变速器,无法换挡,变速器,脱挡,,,2020/6/20,处理反馈
486303,东风本田,INSPIRE,2019款 锐·混动 2.0L 净越版 国VI,东风本田INSPIRE抬头显示塑料件有异响,车身附件及电器,中控台异响,,,,,2020/6/20,厂家受理
486298,一汽-大众,速腾,2018款 280TSI DSG熠动版,一汽大众速腾顶棚鼓包 大灯进雾 刹车盘生锈,制动系统,生锈,车身附件及电器,部件开裂,,,2020/6/20,处理反馈
486297,广汽本田,雅阁,2005款 2.4 自动 标准版,广汽本田雅阁吊拉设计的前悬挂存在安全隐患,,其他,,,,,2020/6/20,处理反馈
486296,北京奔驰,奔驰C级,2016款 200 L 运动型,北京奔驰C级空调系统无法调节温度影响使用,车身附件及电器,空调问题,,,,,2020/6/20,信息审核
486295,吉利汽车,星越,2019款 350T 暗夜骑士限量版,吉利星越车机死机黑屏系统与宣传不符,车身附件及电器,车载互联故障,,销售欺诈,销售欺诈,与宣传不符,2020/6/20,处理反馈
486293,奇瑞汽车,艾瑞泽5,2016款 1.5L CVT 领臻版,奇瑞艾瑞泽5发动机生锈4S店不予解决,发动机,缸体生锈,,,,,2020/6/20,用户评分
486288,吉利汽车,星越,2019款 改款 350T 驭星者AWD,吉利星越实车多项配置与厂家宣传不符,,销售欺诈,,,销售欺诈,与宣传不符,2020/6/20,处理反馈
486287,长安马自达,马自达3 昂克赛拉,2020款 2.0L 自动 质雅版,长安马自达昂克赛拉新车车门出现下沉,车身附件及电器,车门故障,,,,,2020/6/20,处理反馈
486286,吉利汽车,帝豪,2018款 1.5L 手动 豪华型,吉利帝豪发动机油耗高一直未解决,发动机,油耗高,,,,,2020/6/20,处理反馈
486281,猎豹汽车,猎豹CS10,2017款 1.5T 手动 精英型,猎豹CS10行驶颠簸路面底盘异响 转向时异响,转向系统,异响,前后桥及悬挂系统,底盘异响,,,2020/6/20,信息审核
486277,上汽通用五菱,宝骏360,2018款 1.5L 手动 精英型 国V,宝骏360更换的挡风玻璃漏水漏风4S店不解决,,服务态度,,人员技术,服务态度,不解决问题,2020/6/20,处理反馈
486276,一汽马自达,阿特兹,2020款 2.5L 蓝天运动版,一汽马自达阿特兹B柱 C柱 中控大屏异响,车身附件及电器,中控台异响,车身附件及电器,车身异响,,,2020/6/20,用户评分
486274,长安汽车,锐程CC,2020款 1.5T 自动 潮锐型,长安锐程CC行驶中突然熄火要求处理,发动机,熄火,,,,,2020/6/20,处理反馈
486271,东风标致,标致408,2014款 1.8L 自动 豪华版,东风标致408发动机故障灯亮烧机油空调异响,发动机,故障灯亮,发动机,烧机油,,,2020/6/20,处理反馈
486270,广汽丰田,雷凌,2017款 185T CVT 精英版 国V 改款,广汽丰田雷凌后减震器出现漏油的现象,前后桥及悬挂系统,减震器漏油,,,,,2020/6/20,处理反馈
486268,长安马自达,马自达3 昂克赛拉,2020款 2.0L 自动 质雅版,长安马自达昂克赛拉方向盘锁死故障灯亮,转向系统,卡滞,转向系统,转向机故障,,,2020/6/20,处理反馈
486267,一汽红旗,红旗HS7,2019款 3.0T 自动 四驱 旗悦版,红旗HS7换挡机构故障导致P挡挂不上,变速器,挡把总成故障,,,,,2020/6/20,信息审核
486266,一汽-大众,速腾,2019款 280TSI DSG 舒适型 国VI,一汽大众速腾升降挡时变速箱异响严重,变速器,异响,,,,,2020/6/20,处理反馈
486262,广汽三菱,劲炫ASX,2018款 2.0L CVT 两驱 智橙版,广汽三菱劲炫触摸屏死机厂家未回复,车身附件及电器,影音系统故障,,,,,2020/6/20,厂家受理
486261,比亚迪,比亚迪e2,2019款 400出行版,比亚迪e2下雨天前挡风玻璃上的雾气无法吹干,车身附件及电器,空调问题,,,,,2020/6/20,处理反馈
486260,上汽大众,凌渡,2017款 230TSI 手动 风尚版,上汽大众凌渡一键升降失灵销售不管售后问题,车身附件及电器,车窗升降故障,,服务态度,服务态度,不解决问题,2020/6/20,信息审核
486257,江铃汽车,域虎3,2018款 2.5T 四驱 进取版 长轴距 柴油,江铃域虎3底盘异响 SVS故障灯亮,发动机,故障灯亮,前后桥及悬挂系统,底盘异响,,,2020/6/20,厂家受理
486255,东风日产,骐达TIIDA,2020款 1.6L CVT 智行版,东风日产骐达减震器漏油售后服务态度差,前后桥及悬挂系统,减震器漏油,,服务态度,服务态度,态度蛮横,2020/6/20,处理反馈
486254,上汽大众,朗逸,2019款 1.5L 自动 舒适版 国VI,上汽大众朗逸发动机存在金属撞击声,发动机,异响,,,,,2020/6/20,信息审核
486252,上汽集团,名爵6,2019款 20T 自动 运动版,上汽名爵6保养后异响且存在汽油味,发动机,异响,,人员技术,人员技术,修出新问题,2020/6/20,处理反馈
486251,一汽-大众,宝来,2019款 1.5L 手动 舒适型,一汽大众宝来发动机故障灯亮 离合器异响,发动机,故障灯亮,离合器,异响,,,2020/6/20,用户评分
486248,广汽丰田,凯美瑞,2018款 2.0G 自动 豪华版,广汽丰田凯美瑞正常行驶中天窗异响,车身附件及电器,天窗异响,,,,,2020/6/20,处理反馈
486246,北京现代,领动,2016款 1.6L 自动 智炫·精英型,北京现代领动转向异响并且明显卡顿,转向系统,异响,转向系统,卡滞,,,2020/6/20,处理反馈
486242,一汽-大众,探岳,2019款 征途版 280TSI 两驱 豪华型 国Ⅵ,一汽大众探岳大灯白内障模糊不清存在隐患,车身附件及电器,车灯不亮,,,,,2020/6/19,用户评分
486241,上汽大众,途观L,2018款 330TSI 自动 两驱 豪华版,上汽大众途观L左后轮偏磨吃胎 四缸漏油,发动机,漏油,前后桥及悬挂系统,吃胎偏磨,,,2020/6/19,信息审核
486239,吉利汽车,缤越,2019款 260T DCT Battle 运动款 国V,吉利缤越导航无法定位 倒车镜风噪大,车身附件及电器,车载互联故障,车身附件及电器,后视镜故障,承诺不兑现,服务承诺不兑现,2020/6/19,用户评分
486238,东风日产,奇骏,2014款 2.5L XL CVT 四驱 豪华版,东风日产奇骏加速时变速箱不升挡,变速器,拖挡,,,,,2020/6/19,处理反馈
486237,东风本田,本田CR-V,2017款 240TURBO 自动 两驱 都市版,东风本田CR-V变速箱渗油希望尽快解决,变速器,漏油,,,,,2020/6/19,用户评分
486235,吉利汽车,博瑞,2020款 1.5T MHEV 耀享版,吉利博瑞旧车置换补贴款承诺不兑现,,承诺不兑现,,,承诺不兑现,销售承诺不兑现,2020/6/19,用户评分
486233,一汽-大众,迈腾,2019款 330TSI DSG 领先型 国V,一汽大众迈腾低速加速时变速箱存在口哨声,变速器,异响,,,,,2020/6/19,处理反馈
486224,北京奔驰,奔驰C级,2020款 C 260 运动版,北京奔驰C级韩泰轮胎容易鼓包破损,轮胎,鼓包,,,,,2020/6/19,信息审核
486222,一汽-大众奥迪,奥迪Q2L,2020款 35TFSI 时尚动感型,一汽大众奥迪Q2L变速箱异响要求解决,变速器,异响,,,,,2020/6/19,信息审核
486221,上汽大众,朗逸,2013款 1.6L 自动 经典风尚版,上汽大众朗逸车内异味严重无法解决,车身附件及电器,车内异味,,,,,2020/6/19,信息审核
486220,一汽-大众,探岳,2020款 330TSI 两驱 豪华智联版Pro,一汽大众探岳车灯进水干燥后有水印,车身附件及电器,车灯进水,,,,,2020/6/19,处理反馈
486218,Jeep（进口）,指南者（进口）,2014款 2.0L 自动 两驱 运动版,进口Jeep指南者车内异味严重无法散去,车身附件及电器,车内异味,,,,,2020/6/19,厂家受理
486216,一汽马自达,马自达CX-4,2020款 2.0L 自动 两驱 蓝天活力版,一汽马自达CX-4中控台异响 B柱异响,车身附件及电器,中控台异响,车身附件及电器,车身异响,,,2020/6/19,处理反馈
486215,广汽本田,皓影,2020款 240TURBO CVT 两驱 豪华版,广汽本田皓影销售承诺不兑现 不给合同,,服务态度,,承诺不兑现,服务态度,态度蛮横,2020/6/19,处理反馈
486214,东风雪铁龙,雪铁龙C4L,2014款 1.6THP 自动 智驱版 劲智型,东风雪铁龙C4L发动机漏油 漏防冻液,发动机,漏油,发动机,漏防冻液,,,2020/6/19,处理反馈
486213,领克汽车,领克03,2019款 2.0TD 自动 劲Pro版,领克03故障灯亮 4S店错误判断维修,发动机,故障灯亮,,人员技术,人员技术,维修技术差,2020/6/19,用户评分
486211,一汽马自达,阿特兹,2020款 2.5L 蓝天运动版,一汽马自达阿特兹车身异响 天窗异响,车身附件及电器,车身异响,车身附件及电器,天窗异响,,,2020/6/19,处理反馈
486209,广汽乘用车,传祺GS8,2020款 390T 两驱豪华智联版（七座）,广汽传祺GS8行驶过程中所有故障灯报警,车身附件及电器,电路故障,,,,,2020/6/19,处理反馈
486208,路虎进口,揽胜星脉,2019款 250PS R-DYNAMIC S,路虎揽胜星脉颠簸路车内低频共鸣压耳,车身附件及电器,车身共振,,,,,2020/6/19,处理反馈
486206,吉利汽车,星越,2020款 350T 驭星者AWD,吉利星越车机系统存在虚假宣传 空调异味,车身附件及电器,空调异味,,销售欺诈,销售欺诈,与宣传不符,2020/6/19,处理反馈
486200,一汽-大众,宝来,2019款 1.5L 自动 舒适型,一汽大众宝来行驶中有晃动跳动现象,前后桥及悬挂系统,行驶中颠簸,,,,,2020/6/19,用户评分
486199,福田汽车,欧曼,2008款 BJ4181SLFJA-6 牵引,欧曼欧曼4S店出售有维修记录的车辆,,销售欺诈,,,销售欺诈,出售问题车,2020/6/19,信息审核
486194,一汽-大众,速腾,2014款 1.4TSI 自动 时尚型,一汽大众速腾前挡风玻璃自然开裂,车身附件及电器,玻璃开裂,,,,,2020/6/19,处理反馈
486190,吉利汽车,缤越,2019款 260T DCT 骑士 国V,吉利缤越4S店喷漆质量差导致起泡,,人员技术,,,人员技术,维修技术差,2020/6/19,用户评分
486188,东风雪铁龙,世嘉,2011款 1.6 自动 时尚型 三厢,东风雪铁龙世嘉3挡锁死提示变速箱故障,变速器,故障灯亮,变速器,滑阀箱故障,,,2020/6/19,处理反馈
486187,东风标致,标致408,2016款 1.6T 自动 豪华版,东风标致408四个轮毂不同程度氧化,车身附件及电器,轮毂问题,,,,,2020/6/19,处理反馈
486186,上汽大众,朗逸,2019款 280TSI DSG 舒适版 国VI,上汽大众朗逸前挡风玻璃无故开裂,车身附件及电器,玻璃开裂,,,,,2020/6/19,信息审核
486184,广汽本田,雅阁,2018款 260TURBO 精英版 国V,广汽本田雅阁机油增多超过标尺上限,发动机,机油增多,,,,,2020/6/19,处理反馈
486183,华晨宝马,宝马5系,2014款 528Li 领先型,华晨宝马5系左前大灯脱皮影响驾驶,车身附件及电器,灯罩裂纹或变形,,,,,2020/6/19,厂家受理
486182,东风乘用车,风神AX7,2019款 1.6T 自动 AI领航型 国V,东风风神AX7转向异响 开关车门异响,转向系统,异响,车身附件及电器,门窗异响,,,2020/6/19,处理反馈
486181,新特汽车,SITECH DEV 1,2018款 创睿版,新特SITECH DEV 1无法启动4S店无配件更换,,配件争议,,,配件争议,无零配件,2020/6/19,信息审核
486177,一汽丰田,威驰FS,2017款 1.5L CVT 锋驰版,一汽丰田威驰FS正副驾车门有断裂现象,车身附件及电器,部件开裂,,,,,2020/6/19,信息审核
486170,广汽本田,飞度,2016款 1.5L LX CVT 舒适型,广汽本田飞度启动后存在打齿声音,发动机,异响,,,,,2020/6/19,处理反馈
486168,东风日产,奇骏,2014款 2.0L XL CVT 两驱 舒适版,东风日产奇骏变速箱挫顿 钢带打滑,变速器,顿挫,,,,,2020/6/19,处理反馈
486166,吉利汽车,经典帝豪,2013款 1.5L 手动 进取型 三厢,吉利经典帝豪车身生锈 行驶时变速箱异响,变速器,异响,车身附件及电器,车身生锈,,,2020/6/19,处理反馈
486165,长安汽车,长安CS75 PLUS,2020款 1.5T 自动 尊贵型,长安CS75 PLUS导航定位不准确发生偏移,车身附件及电器,导航问题,,,,,2020/6/19,处理反馈
486163,吉利汽车,星越,2019款 300T 耀星者,吉利星越方向左偏 车机黑屏并且死机,前后桥及悬挂系统,跑偏,车身附件及电器,车载互联故障,销售欺诈,与宣传不符,2020/6/19,用户评分
486162,广汽丰田,汉兰达,2018款 2.0T 四驱 骑士版 7座 国VI,广汽丰田汉兰达升级的多媒体系统与宣传不符,,销售欺诈,,,销售欺诈,与宣传不符,2020/6/19,用户评分
486161,一汽马自达,阿特兹,2020款 2.5L 蓝天运动版,马自达阿特兹转向异响 B柱异响 车门异响,转向系统,异响,车身附件及电器,门窗异响,,,2020/6/19,用户评分
486154,奔驰（进口）,奔驰GLE,2018款 GLE 400 4MATIC 臻藏版,进口奔驰GLE车内异味希望厂家处理问题,车身附件及电器,车内异味,,,,,2020/6/19,信息审核
486153,一汽马自达,阿特兹,2020款 2.0L 蓝天豪华版,一汽马自达阿特兹车身B柱及中控台异响,车身附件及电器,中控台异响,车身附件及电器,车身异响,,,2020/6/19,处理反馈
486151,长安汽车,长安CS75 PLUS,2020款 2.0T 自动 领航型,长安CS75 PLUS车载微信功能与宣传不符,,销售欺诈,,,销售欺诈,与宣传不符,2020/6/19,处理反馈
486149,一汽-大众,探岳,2020款 330TSI 两驱 豪华智联版,一汽大众探岳变速箱异响燃油泵声音大,变速器,异响,车身附件及电器,汽油泵故障,,,2020/6/19,处理反馈
486148,长安跨越,新豹T3,2018款 1.2L 舒适型 单排 后单轮 标准货箱,长安跨越新豹T3配件质量差要求退换车,,配件争议,,,配件争议,配件质量差,2020/6/19,处理反馈
486146,上汽大众,朗逸,2017款 1.6L 自动 舒适版,上汽大众朗逸刹车时前轮位置存在异响,制动系统,异响,,,,,2020/6/19,信息审核
486144,吉利汽车,博越,2020款 1.8TD DCT 智尊PRO,吉利博越挡位指示灯与厂家宣传不符,,销售欺诈,,,销售欺诈,与宣传不符,2020/6/19,处理反馈
486142,沃尔沃亚太,沃尔沃S60,2017款 2.0T T4 智远版,亚太沃尔沃S60高压油泵故障导致故障灯亮,发动机,故障灯亮,车身附件及电器,汽油泵故障,,,2020/6/19,信息审核
486140,吉利汽车,博越,2016款 1.8TD 自动 两驱 智慧型,吉利博越四个轮毂发生不同程度氧化,车身附件及电器,轮毂问题,,,,,2020/6/19,处理反馈
486135,上汽大众,途安,2018款 途安L 280TSI DSG 舒适版 7座 国VI,上汽大众途安启停失灵自动驻车失灵故障灯亮,制动系统,手刹故障,车身附件及电器,行车安全辅助系统故障,,,2020/6/19,信息审核
486133,上汽通用五菱,宝骏E100,2019款 250KM 智行版,宝骏E100车身掉漆 偶尔无法换挡,变速器,无法换挡,车身附件及电器,漆面起泡开裂,,,2020/6/19,用户评分
486132,广汽乘用车,传祺GS8,2017款 320T 两驱 豪华智联版（七座）,广汽传祺GS8压缩机不工作空调不制冷,车身附件及电器,空调问题,,,,,2020/6/19,用户评分
486131,长安马自达,马自达3 昂克赛拉,2016款 1.5L 自动 豪华型 三厢,长安马自达昂克赛拉中控屏大面积开裂,车身附件及电器,影音系统故障,车身附件及电器,部件开裂,,,2020/6/19,处理反馈
486127,吉利汽车,帝豪,2017款 1.5L 手动 向上互联版 三厢 百万款,吉利帝豪打方向盘时有异响一直未解决,转向系统,异响,,,,,2020/6/19,处理反馈
486125,一汽-大众,探岳,2019款 330TSI 两驱 豪华型 国Ⅵ,一汽大众探岳中控死机 赠送保养承诺不兑现,车身附件及电器,影音系统故障,,服务态度,服务态度,不解决问题,2020/6/19,处理反馈
486122,一汽-大众,宝来,2019款 改款 1.5L 手动 舒适型 国VI,一汽大众宝来天窗密封条损坏希望保修,车身附件及电器,密封条损坏,,,,,2020/6/19,处理反馈
486117,捷豹,捷豹F-PACE,2019款 2.0T 四驱 都市尊享版,捷豹F-PACE经销商销售维修过的问题车,,销售欺诈,,,销售欺诈,出售问题车,2020/6/19,用户评分
486113,一汽马自达,睿翼,2011款 2.0 自动 精英版,一汽马自达睿翼仪表台开裂发粘厂家未回复,车身附件及电器,仪表台开裂,,,,,2020/6/19,信息审核
486106,北京奔驰,奔驰C级,2015款 200 L 运动型,北京奔驰C级4S店更换发动机未变更登记信息,,人员技术,,,人员技术,操作不规范,2020/6/19,信息审核
486105,北汽昌河,昌河Q35,2016款 1.5L 自动 炫酷版,北汽昌河Q35仪表显示安全气囊故障灯亮,车身附件及电器,气囊故障,,,,,2020/6/19,信息审核
486102,一汽马自达,阿特兹,2020款 2.0L 蓝天豪华版,一汽马自达阿特兹车身异响 GPS收不到信号,车身附件及电器,车身异响,车身附件及电器,车载互联故障,,,2020/6/19,处理反馈
486101,东风标致,标致408,2015款 1.2T 自动 豪华版,东风标致408发动机故障灯报警希望处理,发动机,故障灯亮,,,,,2020/6/19,处理反馈
486095,众泰汽车,众泰T700,2017款 1.8T 双离合 尊贵型,众泰T700门把手损坏前轴承损坏右后胎压失灵,前后桥及悬挂系统,车轮异响,车身附件及电器,胎压监测故障,,,2020/6/19,处理反馈
486093,一汽马自达,马自达CX-4,2018款 2.0L 自动 两驱 蓝天活力版 国V,一汽马自达CX-4颠簸路面行驶方向机异响,转向系统,异响,,,,,2020/6/19,用户评分
486092,北京现代,途胜,2015款 1.6T   双离合 两驱 智能型,北京现代途胜发动机烧机油希望尽快解决,发动机,烧机油,,,,,2020/6/19,处理反馈
486089,东风雪铁龙,雪铁龙C6,2017款 380THP 尊贵型,东风雪铁龙C6 SOS灯常亮要求质保维修,车身附件及电器,行车安全辅助系统故障,,,,,2020/6/19,处理反馈
486085,上汽斯柯达,昊锐,2012款 1.8TSI 自动 优雅版,斯柯达昊锐车内异味越来越严重影响健康,车身附件及电器,车内异味,,,,,2020/6/19,处理反馈
486084,东风启辰,晨风,2014款 6.6KW 纯电动  领风版,启辰晨风动力电池衰减30%导致续航里程不足,车身附件及电器,动力电池故障,,,,,2020/6/19,信息审核
486083,领克汽车,领克01,2017款 2.0T 自动 两驱 型 Pro,领克01低速加速发动机异响 4S店无法解决,发动机,异响,,服务态度,服务态度,不解决问题,2020/6/19,处理反馈
486080,吉利汽车,嘉际,2019款 1.5TD MHEV DCT 臻享型,吉利嘉际连接蓝牙通话无声音 导航不予升级,车身附件及电器,导航问题,车身附件及电器,车载互联故障,承诺不兑现,销售承诺不兑现,2020/6/19,用户评分
486079,长安马自达,马自达3 昂克赛拉,2016款 2.0L 自动 旗舰型 三厢,长安马自达昂克赛拉中控屏脱胶开裂影响使用,车身附件及电器,影音系统故障,,,,,2020/6/19,处理反馈
486077,吉利汽车,远景,2018款 1.5L 自动 尊贵型,吉利远景经销商丢失钥匙和车辆合格证,,服务流程不完善,,服务流程不完善,服务流程不完善,手续不齐,2020/6/19,处理反馈
486071,上汽集团,名爵ZS,2017款 1.5L 手动 豪华版,上汽名爵ZS变速箱换挡顿挫 刹车片偏磨,变速器,顿挫,制动系统,异常磨损,,,2020/6/19,处理反馈
486068,广汽本田,雅阁,2016款 2.0L CVT  舒适版,广汽本田雅阁日间行车灯灯带有一半不亮,车身附件及电器,车灯不亮,,,,,2020/6/19,处理反馈
486065,广汽本田,雅阁,2016款 2.0L CVT  舒适版,广汽本田雅阁发动机故障灯亮希望解决,发动机,故障灯亮,,,,,2020/6/19,处理反馈
486063,长安标致雪铁龙DS,DS5,2014款 1.6T 雅致版THP160,长安标致雪铁龙DS5冷车启动时发动机异响,发动机,异响,,,,,2020/6/19,信息审核
486062,吉利汽车,帝豪,2017款 1.5L 手动 向上版 三厢 百万款,吉利帝豪转向时存在异响要求厂家处理,转向系统,异响,,,,,2020/6/19,处理反馈
486061,北京现代,朗动,2013款 1.6L 自动 尊贵型,北京现代朗动变速箱降挡顿挫一直未解决,变速器,顿挫,,服务态度,服务态度,不解决问题,2020/6/19,处理反馈
486057,众泰汽车,众泰T600,2014款 1.5T 手动 精英型,众泰T600节气门漏气导致行驶中加速无力,发动机,气门故障,,,,,2020/6/19,处理反馈
486056,一汽-大众奥迪,奥迪Q3,2018款 30 TFSI 时尚型典藏版,一汽大众奥迪Q3发动机高压油泵异响,发动机,异响,,,,,2020/6/19,信息审核
486051,大众（进口）,高尔夫（进口）,2011款 1.4TSI DSG Cross Golf,进口大众高尔夫水泵故障水温过高且无报警,发动机,冷却系统故障,发动机,水泵故障,,,2020/6/19,信息审核
486049,一汽-大众,速腾,2018款 280TSI DSG熠动版,一汽大众速腾方向盘磨损脱皮存在质量问题,车身附件及电器,部件异常磨损,,,,,2020/6/19,用户评分
486047,江淮汽车,瑞风M3,2019款 宜家版 1.8L 豪华 智能型,江淮瑞风M3行驶时跑偏轮胎异常磨损,前后桥及悬挂系统,吃胎偏磨,前后桥及悬挂系统,跑偏,服务态度,不解决问题,2020/6/19,处理反馈
486040,长城汽车,哈弗H5,2016款 2.0T 四驱精英型 经典版,哈弗H5发动机怠速不稳 涡轮增压器漏油,发动机,功率不足,发动机,怠速不稳,,,2020/6/19,用户评分
486039,奇瑞汽车,艾瑞泽5,2017款 1.5L 手动 时尚版,奇瑞艾瑞泽5空调漏氟 车载互联无网络,车身附件及电器,电瓶故障,车身附件及电器,车载互联故障,,,2020/6/19,处理反馈
486038,广汽丰田,凯美瑞,2019款 2.0G 豪华版 国VI,广汽丰田凯美瑞喷漆不匀且有生锈现象,车身附件及电器,车身生锈,车身附件及电器,漆面起泡开裂,,,2020/6/19,用户评分
486037,一汽-大众,速腾,2019款 200TSI DSG 舒适型 国VI,一汽大众速腾升降挡时变速箱异响,变速器,异响,,,,,2020/6/19,处理反馈
486034,上汽大众,途观L,2017款 330TSI 两驱 旗舰版,大众途观L行驶中提示变速箱进入紧急状态,变速器,故障灯亮,变速器,滑阀箱故障,,,2020/6/19,用户评分
486031,广汽本田,雅阁,2018款 260TURBO 精英版 国VI,广汽本田雅阁座椅调节支撑锈蚀掉渣,车身附件及电器,车身生锈,,,,,2020/6/19,处理反馈
486030,猎豹汽车,Mattu,2018款 1.6T GDI DCT 尊贵型,猎豹Mattu变速箱无动力输出无法正常行驶,变速器,无法加速,,,,,2020/6/19,信息审核
486029,上汽大众,朗逸,2019款 朗逸启航 1.5L 手动 舒适版 国VI,上汽大众朗逸刹车异响4S店告知正常,制动系统,异响,,,,,2020/6/19,处理反馈
486027,一汽-大众,速腾,2018款 280TSI DSG熠动版,一汽大众速腾发动机异响 刹车踏板震动,发动机,异响,转向系统,抖动,,,2020/6/19,处理反馈
486026,广汽丰田,凯美瑞,2009款 200G 自动 豪华版,广汽丰田凯美瑞中控仪表台腐蚀氧化掉皮,车身附件及电器,仪表台开裂,,,,,2020/6/19,处理反馈
486022,上汽通用五菱,宝骏310W,2017款 1.5L 手动 舒适型 国V,宝骏310W车辆自燃要求尽快处理问题,车身附件及电器,车辆自燃,,,,,2020/6/19,处理反馈
486019,一汽马自达,阿特兹,2020款 2.5L 蓝天运动版,一汽马自达阿特兹行驶时ABC柱有异响,车身附件及电器,车身异响,,,,,2020/6/19,处理反馈
486018,一汽马自达,马自达CX-4,2020款 2.0L 自动 两驱 蓝天探索版,一汽马自达CX-4 ABC柱及后备箱异响,车身附件及电器,车身异响,,,,,2020/6/19,用户评分
486017,东风标致,标致4008,2017款 380THP 豪华GT版,东风标致4008承诺不兑现升级车机后音响无声,车身附件及电器,影音系统故障,,承诺不兑现,承诺不兑现,服务承诺不兑现,2020/6/19,处理反馈
486016,一汽大众,捷达VS5,2019款 280TSI 自动 悦享型,捷达VS5前雨刮器导水槽漏水存在质量问题,车身附件及电器,车身漏水,,,,,2020/6/19,处理反馈
486014,东风日产,奇骏,2015款 2.0L CVT 舒适MAX版 2WD,东风日产奇骏变速箱链条断裂 液压器损坏,变速器,机械部件故障,,,,,2020/6/19,用户评分
486012,一汽马自达,马自达CX-4,2020款 2.5L 自动 两驱 蓝天驾趣版,一汽马自达CX-4中控黑屏希望厂家处理,车身附件及电器,影音系统故障,,人员技术,人员技术,操作不规范,2020/6/19,信息审核
486011,一汽马自达,阿特兹,2018款 2.5L 蓝天运动版 国VI,一汽马自达阿特兹方向盘不正 怠速抖动,发动机,抖动,转向系统,方向盘不正,服务态度,否认质量问题,2020/6/19,信息审核
486009,东风日产,逍客,2016款 2.0L CVT 精英版,东风日产逍客变速箱阀体故障无法加速,变速器,无法加速,变速器,滑阀箱故障,,,2020/6/19,处理反馈
486008,一汽-大众,宝来,2019款 1.5L 自动 时尚型,一汽大众宝来大灯进水胎压误报自动驻车故障,车身附件及电器,车灯进水,车身附件及电器,行车安全辅助系统故障,,,2020/6/19,处理反馈
486001,昌河铃木,北斗星X5,2015款 1.4L 巡航版,昌河铃木北斗星X5油表不准 转向时有异响,转向系统,异响,车身附件及电器,中控台异响,,,2020/6/19,信息审核
485999,东南汽车,V3菱悦,2011款 1.5 手动 豪华版,东南V3菱悦汽车锈蚀严重影响安全,车身附件及电器,车身生锈,,,,,2020/6/19,处理反馈
485995,广汽本田,飞度,2016款 1.5L LX CVT 舒适型,广汽本田飞度发动机冷车启动异响要求解决,发动机,异响,,,,,2020/6/19,处理反馈
485994,一汽-大众,速腾,2013款 2.0TSI GLI,一汽大众速腾发动机和变速箱漏油,发动机,漏油,变速器,漏油,,,2020/6/19,处理反馈
485987,众泰汽车,众泰SR9,2017款 2.0T 自动 极致之梦版,众泰SR9变速箱多次损坏要求退车,变速器,故障灯亮,,,,,2020/6/19,处理反馈
485976,长安马自达,马自达3 昂克赛拉,2016款 1.5L 自动 豪华型 三厢,长安马自达昂克赛拉中控屏幕有开裂现象,车身附件及电器,影音系统故障,,,,,2020/6/19,处理反馈
485972,吉利汽车,星越,2019款 改款 350T 耀星者,吉利星越车机死机与厂家未回复处理,车身附件及电器,车载互联故障,,服务态度,服务态度,厂家不回复,2020/6/19,处理反馈
485970,北京奔驰,奔驰C级,2020款 C 260 运动版,北京奔驰C级无钥匙进入失灵希望厂家处理,车身附件及电器,车钥匙故障,,,,,2020/6/19,信息审核
485968,奇瑞瑞麒,瑞麒G6,2011款 2.0T 自动 豪华型,瑞麒G6高速行驶时变速箱油管爆裂,变速器,漏油,前后桥及悬挂系统,底盘异响,配件争议,无零配件,2020/6/19,用户评分
485967,一汽马自达,阿特兹,2020款 2.5L 蓝天尊崇版,一汽马自达阿特兹车身AB柱和顶棚异响,车身附件及电器,车身异响,,,,,2020/6/19,处理反馈
485966,东风本田,本田CR-V,2019款 240TURBO CVT 两驱 舒适版 国V,东风本田CR-V经销商违规收取续保押金,,服务收费,,,服务收费,变相收费,2020/6/19,处理反馈
485965,北京现代,领动,2019款 1.5L CVT 智炫·精英型,北京现代领动减震器无配件承诺解决未兑现,,服务态度,,承诺不兑现,服务态度,厂家不回复,2020/6/19,处理反馈
485959,广汽丰田,丰田C-HR,2020款 2.0L 领先版,广汽丰田C-HR未给发票导致无法上牌,,服务流程不完善,,,服务流程不完善,手续不齐,2020/6/19,处理反馈
485957,一汽马自达,马自达CX-4,2020款 2.0L 自动 两驱 蓝天活力版,一汽马自达CX-4行驶中ABC柱异响,车身附件及电器,车身异响,,,,,2020/6/19,用户评分
485956,猎豹汽车,猎豹CS10,2017款 2.0T 手动 卓越型,猎豹CS10天窗异响不断 刹车疲软,制动系统,刹车偏软,车身附件及电器,天窗异响,,,2020/6/19,信息审核
485955,一汽马自达,阿特兹,2020款 2.5L 蓝天运动版,一汽马自达阿特兹车门异响 中控异响,车身附件及电器,门窗异响,车身附件及电器,中控台异响,,,2020/6/19,用户评分
485954,东风本田,本田XR-V,2015款 1.8L EXi CVT 舒适版,东风本田XR-V购车至今车内一直存在异味,车身附件及电器,车内异响,,,,,2020/6/19,处理反馈
485953,一汽-大众,速腾,2018款 280TSI DSG熠动版,一汽大众速腾韩泰轮胎开裂并且鼓包,轮胎,开裂,轮胎,鼓包,,,2020/6/19,处理反馈
485951,吉利汽车,缤瑞,2018款 14T CVT 缤纷版,吉利缤瑞发动机转速过高厂家未解决问题,发动机,怠速不稳,,人员技术,人员技术,查不出原因,2020/6/19,处理反馈
485950,一汽-大众奥迪,奥迪A6L,2020款 40 TFSI 豪华动感型,一汽大众奥迪A6L刹车抱死转向故障灯亮,发动机,故障灯亮,转向系统,失灵,销售欺诈,出售问题车,2020/6/19,信息审核
485949,一汽马自达,马自达CX-4,2020款 2.0L 自动 两驱 蓝天品位版,一汽马自达CX-4车身A柱中控台天窗异响,车身附件及电器,中控台异响,车身附件及电器,车身异响,,,2020/6/19,用户评分
485946,一汽丰田,RAV4荣放,2020款 2.0L CVT 两驱 都市版,一汽丰田RAV4荣放发动机舱有泥浆车架生锈,车身附件及电器,车身生锈,,其他,,,2020/6/19,信息审核
485945,东南汽车,东南DX7,2016款 1.5T 手动 凯旋版,东南DX7空调开冷风出热风车身异响,车身附件及电器,空调问题,车身附件及电器,车身异响,,,2020/6/19,处理反馈
485943,北京现代,领动,2016款 1.6L 自动 智炫·精英型,北京现代领动转向异响沉重卡滞希望处理,转向系统,异响,转向系统,卡滞,,,2020/6/19,处理反馈
485942,上汽大众,途观L,2017款 330TSI 两驱 豪华版,上汽大众途观L天窗排水堵塞导致车内进水,车身附件及电器,天窗漏水,,,,,2020/6/19,信息审核
485940,北京现代,途胜,2018款 1.6T 双离合 两驱 15周年特别版,北京现代途胜行驶中发动机故障灯亮,发动机,故障灯亮,,,,,2020/6/19,处理反馈
485937,一汽-大众奥迪,奥迪A4L,2015款 2.0T CVT 标准型,一汽大众奥迪A4L节温器渗水售后不予质保,发动机,漏防冻液,,,,,2020/6/19,信息审核
485933,华晨中华,中华H330,2013款 1.5L 自动 豪华型,华晨中华H330左后轮轮毂破损希望尽快处理,车身附件及电器,轮毂问题,,,,,2020/6/19,信息审核
485932,一汽马自达,阿特兹,2020款 2.5L 蓝天至尊版,一汽马自达阿特兹ABC柱 天窗 中控异响,车身附件及电器,门窗异响,车身附件及电器,中控台异响,,,2020/6/19,用户评分
485930,上汽大众,途观L,2019款 改款 330TSI 自动 两驱 智动豪华版 国VI,上汽大众途观L变速箱异响 转向时车轮异响,变速器,异响,前后桥及悬挂系统,车轮异响,,,2020/6/19,处理反馈
485925,华晨宝马,宝马3系,2017款 330Li M 运动型,华晨宝马3系冷却液水管爆裂发动机温度高,发动机,漏防冻液,发动机,冷却系统故障,,,2020/6/19,厂家受理
485923,上汽大众,朗逸,2017款 230TSI 双离合 舒适版,上汽大众朗逸变速箱跳挡 发动机空转,变速器,跳挡,,,,,2020/6/19,用户评分
485922,上汽集团,荣威Ei5,2019款 智联旗舰版,上汽荣威Ei5充电慢且充电时自动断开,车身附件及电器,充电故障,,,,,2020/6/19,用户评分
485920,东南汽车,东南DX3,2018款 1.5L 手动 尊贵型,东南DX3排气管共振异响严重无法解决,车身附件及电器,车身共振,,,,,2020/6/19,用户评分
485919,广汽丰田,YARiS L 致炫,2018款 1.5E CVT 冠军限量版,广汽丰田致炫空调风向调节开关故障,车身附件及电器,空调问题,,,,,2020/6/19,处理反馈
485918,吉利汽车,博瑞,2015款 1.8T 旗舰型,吉利博瑞影音系统出现黑屏厂家不给保修,车身附件及电器,影音系统故障,,服务态度,服务态度,不予索赔,2020/6/19,用户评分
485917,一汽-大众,速腾,2019款 200TSI DSG 舒适型 国VI,一汽大众速腾上坡辅助系统故障导致溜车,车身附件及电器,行车安全辅助系统故障,,,,,2020/6/19,处理反馈
485916,广汽本田,冠道,2017款 240TURBO CVT 两驱 尊享版,广汽本田冠道4S店维修使用旧件要求解决,,配件争议,,,配件争议,使用旧件,2020/6/19,处理反馈
485909,一汽-大众,高尔夫·嘉旅,2016款 230TSI 手动 进取型,一汽大众高尔夫嘉旅天窗漏水希望厂家解决,车身附件及电器,天窗漏水,,,,,2020/6/19,处理反馈
485907,上汽集团,名爵6,2018款 20T 自动 尊享互联网版 国VI,上汽名爵6四轮定位后吃胎 服务态度差,,服务态度,,人员技术,服务态度,态度蛮横,2020/6/19,处理反馈
485905,奇瑞汽车,捷途X70,2020款 1.5T 手动 悦行版 5座,捷途X70挂挡异响 减震异响 发动机转速不稳,发动机,功率不足,发动机,怠速不稳,,,2020/6/19,处理反馈
485904,长安马自达,马自达3 昂克赛拉,2016款 1.5L 自动 豪华型 三厢,长安马自达昂克赛拉中控屏无故开胶,车身附件及电器,部件开裂,,,,,2020/6/19,用户评分
485903,华晨宝马,宝马5系,2019款 530Li 领先型 M运动套装,华晨宝马5系新车变速箱漏油多次维修未解决,变速器,漏油,,人员技术,人员技术,多次返修,2020/6/19,厂家受理
485902,吉利汽车,帝豪GL,2017款 1.8L 手动 精英型,吉利帝豪GL离合器无法复位无法挂挡行驶,离合器,离合器失效,,,,,2020/6/19,用户评分
485899,北京奔驰,奔驰C级,2019款 C 180 L 时尚型运动版,北京奔驰C级冷却液提示温度高要求解决,发动机,冷却系统故障,,,,,2020/6/19,信息审核
485897,吉利汽车,博越,2018款 1.8TD 自动 两驱 智联型 4G互联版,吉利博越经销商出售问题车价格不透明,,服务收费,,销售欺诈,服务收费,价格不透明,2020/6/19,用户评分
485895,一汽马自达,阿特兹,2020款 2.5L 蓝天运动版,一汽马自达阿特兹中控台B柱以及C柱异响,车身附件及电器,中控台异响,车身附件及电器,车身异响,,,2020/6/19,处理反馈
485892,一汽-大众,探岳,2019款 330TSI 两驱 尊贵型 国V,一汽大众探岳大灯亮度严重不足影响安全,车身附件及电器,车灯不亮,,,,,2020/6/18,用户评分
485891,一汽-大众奥迪,奥迪A6L,2020款 45 TFSI 臻选致雅型,一汽大众奥迪A6L行驶时发动机抖动熄火,发动机,抖动,发动机,熄火,,,2020/6/18,信息审核
485889,一汽马自达,马自达CX-4,2020款 2.0L 自动 两驱 蓝天探索版,一汽马自达CX-4行驶过程中车身和刹车异响,制动系统,异响,车身附件及电器,中控台异响,,,2020/6/18,处理反馈
485882,东风日产,逍客,2017款 2.0L CVT 精英版 国V,东风日产逍客车灯变暗行驶时变速箱顿挫,变速器,顿挫,车身附件及电器,车灯不亮,,,2020/6/18,处理反馈
485881,上汽集团,荣威350,2014款 1.5L 自动 迅达版 350S,上汽荣威350购车后车内一直有浓重的异味,车身附件及电器,车内异味,,,,,2020/6/18,处理反馈
485880,北京现代,途胜,2015款 1.6T   双离合 两驱 智能型,北京现代途胜空调压缩机频繁启停中控异响,车身附件及电器,空调问题,车身附件及电器,中控台异响,,,2020/6/18,用户评分
485878,吉利汽车,嘉际,2019款 1.5TD MHEV DCT 尊享型,吉利嘉际转向机漏油备胎异常磨损车身异响,转向系统,漏油,车身附件及电器,门窗异响,,,2020/6/18,处理反馈
485875,北京奔驰,奔驰GLC,2018款 GLC 260 4MATIC 动感型 改款,北京奔驰GLC轮毂氧化起皮要求更换,车身附件及电器,轮毂问题,,,,,2020/6/18,信息审核
485871,北京现代,领动,2016款 1.6L 自动 智炫·精英型,北京现代领动跑高速时岀现方向卡滞,转向系统,卡滞,,,,,2020/6/18,用户评分
485867,吉利汽车,经典帝豪,2012款 1.8L CVT 豪华型 两厢,吉利经典帝豪起步顿挫 刹车异响,变速器,顿挫,制动系统,异响,,,2020/6/18,用户评分
485865,吉利汽车,博越,2020款 1.8TD DCT 智领PRO,吉利博越行驶过程中变速箱明显顿挫,变速器,顿挫,,,,,2020/6/18,处理反馈
485863,东风标致,标致408,2016款 1.6T 自动 豪华版,东风标致408水泵损坏导致发动机异响,发动机,异响,发动机,水泵故障,,,2020/6/18,用户评分
485862,长安马自达,马自达3 昂克赛拉,2020款 2.0L 自动 质雅版,马自达昂克赛拉行使中显示超音传感器故障,变速器,顿挫,变速器,抖动,,,2020/6/18,处理反馈
485854,北京奔驰,奔驰C级,2020款 改款 C 260 运动版,北京奔驰C级怠速不稳定变速箱换挡迟滞,发动机,怠速不稳,变速器,顿挫,,,2020/6/18,信息审核
485851,长安马自达,马自达3 昂克赛拉,2016款 1.5L 自动 舒适型 三厢,长安马自达昂克赛拉仪表盘掉漆座椅掉皮,车身附件及电器,部件开裂,车身附件及电器,座椅故障,,,2020/6/18,处理反馈
485847,一汽吉林,森雅R9,2018款 1.2T 自动 豪华智尚型,一汽吉林森雅R9行驶中动力消失存在质量问题,发动机,动力消失,,,,,2020/6/18,信息审核
485843,东风日产,逍客,2017款 2.0L CVT 智享版 国V,东风日产逍客转向异响希望厂家处理,转向系统,异响,,,,,2020/6/18,处理反馈
485842,一汽马自达,阿特兹,2020款 2.0L 蓝天豪华版,一汽马自达阿特兹车内异响严重厂家不解决,车身附件及电器,车内异响,,,,,2020/6/18,用户评分
485836,一汽马自达,阿特兹,2020款 2.5L 蓝天运动版,一汽马自达阿特兹顶棚异响 中控异响,车身附件及电器,中控台异响,车身附件及电器,车身异响,,,2020/6/18,用户评分
485835,吉利汽车,帝豪,2017款 1.5L 手动 豪华型 三厢 百万款,吉利帝豪方向机损坏车机死机希望厂家处理,发动机,无法启动,转向系统,转向机故障,,,2020/6/18,处理反馈
485830,吉利汽车,博瑞,2015款 1.8T 旗舰型,吉利博瑞方向盘卡死 助力系统故障,发动机,动力消失,转向系统,卡滞,,,2020/6/18,处理反馈
485828,长安汽车,长安UNI-T,2020款 1.5T 尊贵型,长安UNI-T车机没有反应音量自动增大,车身附件及电器,影音系统故障,,,,,2020/6/18,用户评分
485824,东风日产,轩逸,2016款 1.6XE 手动 舒适版,东风日产轩逸主气囊掉漆要求得到解决,车身附件及电器,漆面起泡开裂,,,,,2020/6/18,处理反馈
485823,广汽本田,缤智,2015款 1.5L CVT 两驱舒适型,广汽本田缤智冷车启动发动机异响,发动机,异响,,,,,2020/6/18,处理反馈
485821,东风标致,标致5008,2017款 380THP 精英版 7座,东风标致5008方向盘与刹车行驶途中异响,转向系统,异响,制动系统,异响,,,2020/6/18,用户评分
485819,一汽丰田,亚洲龙,2019款 双擎 2.5L XLE 尊贵版 国Ⅵ,一汽丰田亚洲龙天窗异响严重希望解决,车身附件及电器,天窗异响,,,,,2020/6/18,信息审核
485817,东风本田,本田CR-V,2018款 1.5T CVT 两驱 舒适版,东风本田CR-V优科豪马轮胎开裂掉皮,轮胎,开裂,轮胎,起皮,,,2020/6/18,处理反馈
485812,上汽大众,Polo,2018款 1.5L 自动 安享型,上汽大众Polo车内异味严重无法忍受,车身附件及电器,车内异味,,,,,2020/6/18,处理反馈
485809,东风雪铁龙,雪铁龙C4L,2015款 1.8L 手动 领先版,东风雪铁龙C4L发动机烧机油希望处理,发动机,烧机油,,,,,2020/6/18,处理反馈
485805,东风雪铁龙,雪铁龙C4L,2014款 1.8L 手动 智驱版 劲智型,东风雪铁龙C4L汽油泵故障无法启动,车身附件及电器,汽油泵故障,,,,,2020/6/18,用户评分
485804,一汽-大众,探岳,2019款 330TSI 四驱 豪华型 国Ⅵ,一汽大众探岳探岳大灯白雾影响照明,车身附件及电器,车灯不亮,,,,,2020/6/18,用户评分
485802,一汽马自达,阿特兹,2020款 2.5L 蓝天尊崇版,一汽马自达阿特兹中控屏卡死行驶时B柱异响,车身附件及电器,影音系统故障,车身附件及电器,车身异响,,,2020/6/18,处理反馈
485799,吉利汽车,帝豪,2018款 1.5L 手动 向上互联版,吉利帝豪下雨车内顶漏水渗入车内,车身附件及电器,车身漏水,,,,,2020/6/18,用户评分
485793,东风本田,INSPIRE,2019款 锐·混动 2.0L 净雅版 国VI,东风本田INSPIRE悬挂部件锈蚀严重,车身附件及电器,车身生锈,,,,,2020/6/18,处理反馈
485792,东风标致,标致408,2015款 1.2T 自动 豪华版,东风标致408空调压缩机漏油不制冷,车身附件及电器,空调问题,,,,,2020/6/18,处理反馈
485790,一汽丰田,RAV4荣放,2016款 2.0L CVT 两驱 风尚版 国V,一汽丰田RAV4荣放发动机漏油质量差,发动机,漏油,,,,,2020/6/18,信息审核
485787,上汽斯柯达,柯迪亚克,2019款 TSI380 四驱 旗舰版 7座 国V,斯柯达柯迪亚克方向盘 刹车 油门全部失灵,发动机,油门故障,转向系统,失灵,,,2020/6/18,信息审核
485785,长安马自达,马自达CX-5,2020款 2.0L 自动 两驱 智尊型,长安马自达CX-5安全带损伤希望厂家处理,车身附件及电器,安全带故障,,,,,2020/6/18,用户评分
485784,一汽-大众,迈腾,2017款 330TSI DSG 豪华型,一汽大众迈腾底盘异响希望尽快处理,前后桥及悬挂系统,底盘异响,,,,,2020/6/18,处理反馈
485782,一汽马自达,阿特兹,2020款 2.0L 蓝天豪华版,一汽马自达阿特兹行驶过程中车内有异响,车身附件及电器,车身异响,车身附件及电器,天窗异响,,,2020/6/18,用户评分
485781,一汽马自达,马自达CX-4,2020款 2.0L 自动 两驱 蓝天活力版,一汽马自达CX-4车身异响希望尽快处理,车身附件及电器,车身异响,,,,,2020/6/18,用户评分
485778,一汽-大众奥迪,奥迪A6L,2019款 40 TFSI 豪华动感型,一汽大众奥迪A6L行驶中变速箱内部螺丝断裂,变速器,机械部件故障,,,,,2020/6/18,信息审核
485776,吉利汽车,星越,2019款 350T 耀星者,吉利星越车机系统更新后卡顿 影像不清晰,车身附件及电器,影音系统故障,车身附件及电器,车载互联故障,服务流程不完善,系统升级问题,2020/6/18,用户评分
485773,吉利汽车,博越,2018款 1.8TD 自动 两驱 智尊型 4G互联版,吉利博越升级后Carplay消失4S店无升级包,,人员技术,,服务流程不完善,人员技术,修出新问题,2020/6/18,处理反馈
485771,吉利汽车,缤越,2019款 运动款 260T DCT Battle 国VI 运动款,吉利缤越中控异响 车机系统无法升级,车身附件及电器,中控台异响,,承诺不兑现,承诺不兑现,服务承诺不兑现,2020/6/18,处理反馈
485770,一汽丰田,RAV4荣放,2019款 2.0L CVT 两驱 先锋版 国VI,一汽丰田RAV4荣放经销商不让报废车辆,,服务收费,,,服务收费,强制购买,2020/6/18,信息审核
485768,上汽大众,朗逸,2017款 1.6L 手动 风尚版,上汽大众朗逸韩泰轮胎老化 排气管生锈,轮胎,开裂,车身附件及电器,排气管锈蚀,,,2020/6/18,处理反馈
485767,东风风行,景逸X6,2017款 1.5T 手动 尊贵型 劲享系列,东风风行景逸X6方向偏右 安全气囊故障,发动机,抖动,转向系统,方向盘不正,,,2020/6/18,处理反馈
485766,上汽通用五菱,五菱荣光小卡,2019款 1.5L 基本型 双排 L3C 国VI,上汽通用五菱荣光小卡漆面生锈掉漆,车身附件及电器,车身生锈,车身附件及电器,漆面起泡开裂,,,2020/6/18,处理反馈
485759,北京现代,领动,2018款 1.6L 自动 15周年特别版,北京现代领动转向异响存在质量问题,转向系统,异响,,,,,2020/6/18,处理反馈
485756,一汽-大众,宝来,2017款 1.6L 手动 舒适型,一汽大众宝来后排座椅骨架严重生锈,车身附件及电器,车身生锈,,,,,2020/6/18,处理反馈
485750,吉利汽车,嘉际,2019款 1.5TD MHEV DCT 耀享型,吉利嘉际备胎异常磨损 转向机漏油 内饰异响,转向系统,漏油,车身附件及电器,中控台异响,,,2020/6/18,处理反馈
485749,北汽新能源,北汽新能源EU5,2018款 EU5 R500 智尚版,北汽新能源EU5喷漆质量差漆面鼓泡,,人员技术,,,人员技术,维修技术差,2020/6/18,用户评分
485747,吉利汽车,星越,2019款 改款 350T 耀星者,吉利星越氛围灯与宣传不符希望厂家处理问题,,销售欺诈,,,销售欺诈,与宣传不符,2020/6/18,用户评分
485743,长安马自达,马自达3 昂克赛拉,2020款 2.0L 自动 质雅版,长安马自达昂克赛拉车门 顶棚 中控 刹车异响,制动系统,异响,车身附件及电器,门窗异响,,,2020/6/18,处理反馈
485742,上汽大众,朗逸,2019款 1.5L 自动 舒适版 国VI,上汽大众朗逸新车方向盘有破损的现象,车身附件及电器,部件开裂,,,,,2020/6/18,信息审核
485740,上汽集团,名爵6,2018款 20T 自动 豪华智联版 国VI,上汽名爵6变速箱异响解决方案不认可,变速器,异响,,服务态度,服务态度,不解决问题,2020/6/18,用户评分
485737,一汽丰田,RAV4荣放,2020款 2.0L CVT 两驱 风尚版,一汽丰田RAV4荣放中控显示屏太大 像素太低,车身附件及电器,影音系统故障,,其他,,,2020/6/18,信息审核
485733,吉利汽车,星越,2019款 350T 耀星者,吉利星越车机与宣传不符 销售人员不回信息,,服务态度,,销售欺诈,服务态度,不解决问题,2020/6/18,用户评分
485732,奇瑞汽车,捷途X90,2019款 1.5T 自动 尊享型 6座 国V,奇瑞捷途X90导航无法更新 钥匙手环不索赔,车身附件及电器,导航问题,车身附件及电器,车钥匙故障,服务态度,不解决问题,2020/6/18,处理反馈
485728,吉利汽车,星越,2019款 改款 300T 耀星者,吉利星越车机与厂商宣传不符要求升级,,销售欺诈,,,销售欺诈,与宣传不符,2020/6/18,用户评分
485725,吉利汽车,博越,2020款 1.8TD DCT 智尊PRO,吉利博越挡位灯和影音系统功能与宣传不符,车身附件及电器,影音系统故障,,销售欺诈,销售欺诈,与宣传不符,2020/6/18,用户评分
485723,江淮汽车,嘉悦A5,2020款 1.5T CVT 超越型,江淮嘉悦A5发动机怠速转速高加速无力,发动机,功率不足,发动机,怠速不稳,,,2020/6/18,处理反馈
485722,长安马自达,马自达3 昂克赛拉,2020款 2.0L 自动 质雅版,长安马自达昂克赛拉转动方向盘时存在异响,转向系统,异响,,,,,2020/6/18,处理反馈
485721,一汽马自达,马自达CX-4,2020款 2.0L 自动 两驱 蓝天活力版,一汽马自达CX-4车身多处异响厂家无法处理,车身附件及电器,车身异响,,服务态度,服务态度,不解决问题,2020/6/18,用户评分
485720,比亚迪,秦Pro,2019款 1.5TI 手动 智联锋动型 超能版 国VI,比亚迪秦Pro天窗关闭不严存在质量问题,车身附件及电器,天窗开关异常,,,,,2020/6/18,用户评分
485719,广汽菲克Jeep,大指挥官,2018款 2.0T 四驱 悦享版 国VI,广汽菲克Jeep大指挥官车辆减速时底盘异响,前后桥及悬挂系统,底盘异响,,服务态度,服务态度,不解决问题,2020/6/18,厂家受理
485717,华晨宝马,宝马3系,2019款 320Li M运动曜夜版,华晨宝马3系后备箱处散发出刺鼻的异味,车身附件及电器,车内异味,,,,,2020/6/18,处理反馈
485716,长城汽车,炮,2019款 2.0T 商用版 手动 两驱 精英型 长箱 GW4D20M 柴油,长城炮空调不制冷 售后维修无配件,车身附件及电器,空调问题,,配件争议,配件争议,无零配件,2020/6/18,处理反馈
485715,东风本田,艾力绅,2016款 2.4L 豪华版,东风本田艾力绅导航系统漏电无法启动车辆,车身附件及电器,导航问题,,,,,2020/6/18,处理反馈
485714,一汽-大众,速腾,2015款 1.6L  自动 舒适型,一汽大众速腾轮速传感器故障希望解决,车身附件及电器,传感器故障,,,,,2020/6/18,处理反馈
485713,上汽大众,朗逸,2013款 1.4TSI 手动 舒适版,上汽大众朗逸车内顶棚布脱落质量差,车身附件及电器,部件开裂,,,,,2020/6/18,信息审核
485711,江淮格尔发,K7,牵引车,江淮格尔发K7进气压力不够希望处理,发动机,抖动,发动机,故障灯亮,,,2020/6/18,信息审核
485710,东风日产,轩逸,2016款 1.6XL CVT 豪华版,东风日产轩逸蒸发器反复漏冷媒4S店不保修,转向系统,方向盘不正,车身附件及电器,空调问题,服务态度,不予索赔,2020/6/18,用户评分
485701,长城汽车,哈弗M6,2019款 1.5T DCT 两驱 精英型 国V,长城哈弗M6行驶中变速箱停留在二挡不升挡,变速器,无法换挡,,,,,2020/6/18,处理反馈
485698,东风日产,天籁,2019款 2.0L XL 舒适版,东风日产天籁低频共振噪音大油箱异响,车身附件及电器,车身共振,车身附件及电器,汽油箱异响,服务态度,不解决问题,2020/6/18,用户评分
485697,吉利汽车,星越,2019款 350T 驭星者,吉利星越升级后车机依然无法下载第三方软件,,服务流程不完善,,,服务流程不完善,系统升级问题,2020/6/18,处理反馈
485695,一汽马自达,阿特兹,2020款 2.5L 蓝天运动版,一汽马自达阿特兹B柱车身异响4S店无法解决,车身附件及电器,车身异响,,,,,2020/6/18,处理反馈
485693,华晨宝马,宝马5系,2020款 530Li 尊享型 M运动套装,华晨宝马5系后排娱乐pad无法正常使用,车身附件及电器,车载互联故障,,,,,2020/6/18,用户评分
485692,一汽马自达,阿特兹,2020款 2.5L 蓝天运动版,一汽马自达阿特兹中控台车身多处异响,车身附件及电器,中控台异响,车身附件及电器,车身异响,服务流程不完善,服务网点少,2020/6/18,处理反馈
485691,广汽丰田,雷凌,2019款 185T CVT 豪华版 国VI,广汽丰田雷凌胎压监测有时没有显示或乱码,车身附件及电器,胎压监测故障,,,,,2020/6/18,用户评分
485689,吉利汽车,星越,2019款 350T 耀星者,吉利星越车机升级后卡顿死机要求更换硬件,车身附件及电器,车载互联故障,,服务流程不完善,服务流程不完善,系统升级问题,2020/6/18,处理反馈
485685,东风本田,INSPIRE,2019款 260TURBO 典雅版 国V,东风本田INSPIRE胎压监测故障4S店不处理,车身附件及电器,胎压监测故障,,人员技术,人员技术,查不出原因,2020/6/18,处理反馈
485677,一汽-大众,速腾,2019款 280TSI DSG 豪华型 国VI,一汽大众速腾变速箱异响顿挫 左前轮异响,变速器,异响,变速器,顿挫,,,2020/6/18,处理反馈
485676,广汽丰田,威兰达,2020款 2.0L CVT 两驱 豪华版,广汽丰田威兰达发动机抖动明显厂家不解决,发动机,抖动,,服务态度,服务态度,不解决问题,2020/6/18,处理反馈
485673,一汽马自达,马自达CX-4,2020款 2.0L 自动 两驱 蓝天活力版,一汽马自达CX-4车身B柱C柱异响严重,车身附件及电器,车身异响,,,,,2020/6/18,用户评分
485672,一汽-大众奥迪,奥迪Q3,2019款 35 TFSI 进取动感型,一汽大众奥迪Q3副驾驶线孔位置漏水,车身附件及电器,车身漏水,,,,,2020/6/18,信息审核
485671,一汽-大众奥迪,奥迪A3,2020款 Sportback 35 TFSI 时尚型 国VI,一汽大众奥迪A3变速箱换档和颠簸路异响,变速器,异响,,,,,2020/6/18,信息审核
485669,大乘汽车,大乘E20,2019款 标准型,大乘汽车E20动力电池故障无配件维修,车身附件及电器,动力电池故障,,,,,2020/6/18,信息审核
485667,奇瑞汽车,艾瑞泽5,2017款 1.5L 手动 领潮版,奇瑞艾瑞泽5车身多处严重生锈存在质量问题,车身附件及电器,车身生锈,,,,,2020/6/18,处理反馈
485666,上汽通用五菱,宝骏510,2017款 1.5L 手动 时尚型,宝骏510车门排水孔及发动机舱生锈,车身附件及电器,车身生锈,,,,,2020/6/18,处理反馈
485664,云度新能源,云度π3,2018款 Pro 精英型,云度π3动力电池绝缘体漏电无售后处理,车身附件及电器,动力电池故障,,,,,2020/6/18,处理反馈
485663,北汽新能源,北汽新能源EU,2017款 EU260 乐途plus版,北汽新能源EU系列转向机卡顿 车轮异响,转向系统,卡滞,转向系统,转向机故障,,,2020/6/18,处理反馈
485660,北京汽车,绅宝X25,2015款 1.5L 手动 舒适型,北汽绅宝X25发动机无法启动4S店多次维修,发动机,无法启动,,服务态度,服务态度,不解决问题,2020/6/18,处理反馈
485655,一汽-大众,迈腾,2020款 330TSI DSG 领先型,一汽大众迈腾行驶过程中飞轮异响严重,发动机,异响,,,,,2020/6/18,处理反馈
485654,吉利汽车,博越,2018款 1.8TD 自动 两驱 智联型 4G互联版,吉利博越换挡顿挫 发动机抖动 刹车异响,发动机,抖动,变速器,顿挫,,,2020/6/18,处理反馈
485652,吉利新能源,星越新能源,2019款 400T 驭星者 纯电动续航80KM,吉利星越新能源车机系统与宣传不符,,销售欺诈,,,销售欺诈,与宣传不符,2020/6/18,处理反馈
485649,众泰汽车,众泰E200,2018款 飞鱼座,众泰E200行驶过程中失去动力存在安全隐患,车身附件及电器,动力电池故障,,,,,2020/6/18,信息审核
485646,长安马自达,马自达3 昂克赛拉,2016款 1.5L 自动 豪华型 三厢,长安马自达昂克赛拉中控屏有裂痕而且黑屏,车身附件及电器,影音系统故障,,,,,2020/6/18,用户评分
485643,东风日产,轩逸,2019款 1.6XE CVT 舒适版 国VI,东风日产轩逸销售欺诈乱收费4S店不处理,,服务态度,,服务收费,服务态度,不解决问题,2020/6/18,处理反馈
485637,一汽马自达,马自达CX-4,2020款 2.0L 自动 两驱 蓝天探索版,一汽马自达CX-4刹车方向盘与车门处异响,转向系统,异响,制动系统,异响,,,2020/6/18,用户评分
485636,吉利汽车,博越,2020款 1.8TD DCT 智尊PRO,吉利博越变速箱无挡位灯存在安全问题,,销售欺诈,,,销售欺诈,与宣传不符,2020/6/18,用户评分
485635,一汽马自达,阿特兹,2020款 2.5L 蓝天运动版,一汽马自达阿特兹B柱C柱后备箱异响,车身附件及电器,车身异响,,人员技术,人员技术,多次返修,2020/6/18,处理反馈
485628,上汽集团,名爵3,2014款 1.5L 自动 精英版,上汽名爵3行驶中变速箱脱挡4S店无法解决,变速器,电脑板故障,变速器,脱挡,服务态度,不予索赔,2020/6/18,处理反馈
485627,长安汽车,悦翔V5,2012款 1.5L 手动 运动型 国IV,长安悦翔V5车身左右后翼子板生锈,车身附件及电器,车身生锈,,,,,2020/6/18,处理反馈
485626,东风日产,奇骏,2014款 2.5L XL CVT 四驱 豪华版,东风日产奇骏发动机报警希望尽快处理,发动机,故障灯亮,,,,,2020/6/18,用户评分
485625,一汽马自达,阿特兹,2018款 2.5L 蓝天运动版 国V,一汽马自达阿特兹变速箱漏油维修后未解决,变速器,漏油,,,,,2020/6/18,信息审核
485619,一汽-大众,速腾,2019款 280TSI DSG 舒适型 国V,一汽大众速腾行驶中变速箱异响天窗无法关闭,变速器,异响,车身附件及电器,天窗开关异常,,,2020/6/18,用户评分
485610,上汽大通,上汽MAXUS G50,2019款 1.5T 自动 精英版 国VI,上汽MAXUS G50转速自动升高厂家未回复,发动机,噪音大,,,,,2020/6/18,处理反馈
485609,吉利汽车,博越,2020款 1.8TD DCT 智尊PRO,吉利博越变速箱无挡位灯存在安全问题,,销售欺诈,,,销售欺诈,与宣传不符,2020/6/18,处理反馈
485608,吉利汽车,博越,2020款 1.8TD DCT 智慧PRO,吉利博越新车没有前雾灯与厂家宣传不符,,销售欺诈,,,销售欺诈,与宣传不符,2020/6/18,用户评分
485607,上汽通用五菱,五菱荣光小卡,2019款 1.5L 基本型 双排 L3C 国VI,"上汽通用五菱,荣光小卡车辆自燃厂家不处理",车身附件及电器,车辆自燃,,服务态度,服务态度,不解决问题,2020/6/18,用户评分
485606,吉利汽车,博越,2020款 1.8TD DCT 两驱 智联型4G互联版,吉利博越新车漆面龟裂掉落厂家不给处理,车身附件及电器,漆面起泡开裂,,服务态度,服务态度,不解决问题,2020/6/18,用户评分
485605,一汽马自达,马自达CX-4,2016款 2.0L 自动 两驱蓝天活力版,一汽马自达CX-4底盘出现严重生锈的现象,车身附件及电器,车身生锈,,,,,2020/6/18,信息审核
485603,一汽马自达,阿特兹,2018款 2.5L 蓝天运动版 国V,一汽马自达阿特兹4S店维修质量差不处理,,人员技术,,人员技术,人员技术,修出新问题,2020/6/18,信息审核
485599,吉利汽车,星越,2019款 350T 耀星者,吉利星越车机系统出现黑屏死机现象,车身附件及电器,车载互联故障,,,,,2020/6/18,处理反馈
485598,上汽斯柯达,速派,2013款 1.4T DSG 绅仕版,斯柯达速派发动机烧机油 故障灯亮,发动机,故障灯亮,发动机,烧机油,,,2020/6/18,用户评分
485595,一汽吉林,森雅R7,2016款 1.6L 手动 智能型,一汽吉林森雅R7转向卡顿不回正 前轮吃胎,转向系统,卡滞,转向系统,方向盘不正,,,2020/6/18,信息审核
485593,一汽奔腾,奔腾X40,2019款 1.6L 手动 豪华型 国V,一汽奔腾X40发动机一缸失火缸压不足,发动机,抖动,,,,,2020/6/18,信息审核
485591,上汽斯柯达,柯迪亚克,2019款 TSI330 两驱 豪华优享版 7座 国VI,斯柯达柯迪亚克电子锁故障无法启动,车身附件及电器,中控锁故障,,,,,2020/6/18,处理反馈
485590,吉利汽车,博越,2020款 1.8TD DCT 智慧PRO,吉利博越后防撞梁材料存在不同程度缩水,,销售欺诈,,其他,销售欺诈,与宣传不符,2020/6/18,用户评分
485587,东风标致,标致408,2015款 1.2T 自动 豪华版,东风标致408发动机电脑烧毁不予质保,车身附件及电器,行车电脑故障,,,,,2020/6/18,处理反馈
485584,上汽集团,名爵ZS,2020款 180DVVT 自动 Lite,上汽名爵ZS通电后中控屏幕不亮无任何声音,车身附件及电器,影音系统故障,,,,,2020/6/18,处理反馈
485576,奇瑞瑞麒,瑞麒G6,2011款 2.0T 自动 豪华型,奇瑞瑞麟G6维修配件无货4S店无法处理,发动机,抖动,前后桥及悬挂系统,减震器异响,配件争议,无零配件,2020/6/18,处理反馈
485571,吉利汽车,帝豪GS,2016款 1.8L 手动 领尚型 优雅版,吉利帝豪GS离合器不回位变速箱挂挡困难,离合器,离合器失效,,,,,2020/6/18,处理反馈
485569,吉利汽车,博越,2020款 1.8TD DCT 智尊PRO,吉利博越挡pro位灯与宣传不符承诺解决未兑现,,承诺不兑现,,销售欺诈,承诺不兑现,服务承诺不兑现,2020/6/18,处理反馈
485568,一汽马自达,阿特兹,2020款 2.5L 蓝天尊崇版,一汽马自达阿特兹车身B柱异响厂家未解决,车身附件及电器,车内异响,车身附件及电器,中控台异响,服务态度,不解决问题,2020/6/18,用户评分
485566,一汽马自达,马自达CX-4,2020款 2.0L 自动 两驱 蓝天活力版,一汽马自达CX-4车身多处异响厂家未解决,车身附件及电器,中控台异响,车身附件及电器,车身异响,服务态度,不解决问题,2020/6/18,用户评分
485564,一汽-大众,迈腾,2017款 330TSI DSG 豪华型,一汽大众迈腾变速箱无法换挡4S店不予保修,变速器,无法换挡,变速器,电脑板故障,服务态度,不予索赔,2020/6/18,处理反馈
485562,北京现代,领动,2016款 1.6L 自动 智炫·精英型,北京现代领动发动机烧机油希望厂家保修,发动机,烧机油,,服务态度,服务态度,不予索赔,2020/6/18,处理反馈
485556,吉利汽车,博越,2020款 1.8TD DCT 智联PRO,吉利博越没有挡位灯和前雾灯与宣传不符,,销售欺诈,,,销售欺诈,与宣传不符,2020/6/18,处理反馈
485553,众泰汽车,众泰T600,2016款 2.0T  自动 尊贵型 运动版,众泰T600变速箱无法换挡 温度过高,变速器,脱挡,,,,,2020/6/18,用户评分
485549,一汽-大众奥迪,奥迪A4L,2019款 40 TFSI 时尚型 国VI,一汽大众奥迪A4L左前车轮行驶过程中异响,前后桥及悬挂系统,车轮异响,,,,,2020/6/18,信息审核
485541,上汽大众,朗逸,2019款 280TSI DSG 豪华版 国VI,上汽大众朗逸变速箱异响 顿挫 失去动力,变速器,异响,变速器,顿挫,,,2020/6/17,处理反馈
485540,广汽本田,雅阁,2018款 260TURBO 豪华版 国V,广汽本田雅阁手刹异响 4S店不解决故意拖延,制动系统,异响,,服务态度,服务态度,不解决问题,2020/6/17,用户评分
485538,一汽马自达,阿特兹,2020款 2.5L 蓝天运动版,一汽马自达阿特兹右侧B柱异响维修无法解决,车身附件及电器,车身异响,,人员技术,人员技术,维修技术差,2020/6/17,处理反馈
485536,吉利汽车,星越,2019款 350T 驭星者,吉利星越4S店销售库存车 服务承诺不兑现,车身附件及电器,车身异响,,承诺不兑现,承诺不兑现,服务承诺不兑现,2020/6/17,用户评分
485535,一汽马自达,阿特兹,2014款 2.0L 蓝天豪华版,一汽马自达阿特兹转向卡滞打方向沉重,转向系统,异响,转向系统,卡滞,,,2020/6/17,信息审核
485533,北京现代,途胜,2018款 1.6T 双离合 两驱 15周年特别版,北京现代途胜耐克森轮胎多处老化开裂,轮胎,开裂,,,,,2020/6/17,处理反馈
485532,广汽丰田,YARiS L 致炫,2019款 1.5E CVT 魅动版 国VI,广汽丰田致炫转向或过减速带时悬架异响,前后桥及悬挂系统,悬挂故障,,,,,2020/6/17,处理反馈
485529,一汽马自达,阿特兹,2020款 2.5L 蓝天尊崇版,一汽马自达阿特兹中控台和ABC柱有异响,车身附件及电器,中控台异响,车身附件及电器,车身异响,,,2020/6/17,处理反馈
485528,吉利汽车,博越,2020款 1.8TD DCT 智慧PRO,吉利博越4S店克扣置换补贴变相收费,,服务收费,,,服务收费,变相收费,2020/6/17,用户评分
485527,众泰汽车,众泰T700,2017款 1.8T 双离合 尊贵型,众泰T700 A柱和D柱装饰条出现裂痕,车身附件及电器,部件开裂,,配件争议,配件争议,无零配件,2020/6/17,处理反馈
485523,一汽-大众奥迪,奥迪A4L,2018款 quattro 2.0T 运动型 30周年年型,一汽大众奥迪A4L开启空调外循环无风,车身附件及电器,空调问题,,,,,2020/6/17,信息审核
485522,吉利汽车,博越,2020款 1.8TD DCT 智尊PRO,吉利博越没有前雾灯变速箱没有挡位灯,,销售欺诈,,,销售欺诈,与宣传不符,2020/6/17,用户评分
485518,现代,轻卡货车,盛图2.8,四川现代盛图发动机渗油变速箱挂挡困难,发动机,漏油,变速器,无法换挡,,,2020/6/17,用户评分
485517,广汽本田,雅阁,2018款 260TURBO 精英版 国VI,广汽本田雅阁新车玻璃内侧有划痕,车身附件及电器,玻璃开裂,,,,,2020/6/17,用户评分
485516,江淮汽车,瑞风S3,2016款 1.5L CVT 豪华智能尊享版,江淮瑞风S3安全气囊灯常亮无法解决,车身附件及电器,气囊故障,,,,,2020/6/17,处理反馈
485514,吉利汽车,星越,2019款 350T 暗夜骑士限量版,吉利星越车机升级GKUI19系统后仍旧卡顿,,服务流程不完善,,,服务流程不完善,系统升级问题,2020/6/17,处理反馈
485509,上汽集团,荣威RX5,2016款 1.5T 手动 两驱 精英版,上汽荣威RX5半轴油封漏油 后挡风玻璃漏水,前后桥及悬挂系统,半轴渗油,车身附件及电器,车身漏水,,,2020/6/17,处理反馈
485507,一汽马自达,马自达CX-4,2020款 2.0L 自动 两驱 蓝天探索版,一汽马自达CX-4 A柱B柱及C柱异响,车身附件及电器,车身异响,,,,,2020/6/17,处理反馈
485506,吉利新能源,博瑞新能源,2020款 1.5T PHEV 耀享版,吉利博瑞新能源承诺6000元补贴一直未兑现,,承诺不兑现,,,承诺不兑现,销售承诺不兑现,2020/6/17,用户评分
485505,上汽集团,名爵ZS,2019款 1.5L 手动 65寸巨幕天窗全球版 国VI,上汽名爵ZS发动机高温希望尽快解决,发动机,冷却系统故障,,,,,2020/6/17,处理反馈
485503,东风标致,标致408,2019款 350THP 自动 豪华版 国V,东风标致408电池寿命低 油耗高胎噪大,发动机,油耗高,车身附件及电器,电瓶故障,,,2020/6/17,处理反馈
485502,广汽本田,缤智,2015款 1.8L CVT 两驱豪华型,广汽本田缤智保养错误导致行驶中熄火,,人员技术,,人员技术,人员技术,修出新问题,2020/6/17,处理反馈
485499,奇瑞捷豹路虎,发现神行,2019款 240PS SE版 国VI,奇瑞捷豹路虎发现神行水泵故障无配件更换,发动机,水泵故障,,配件争议,配件争议,无零配件,2020/6/17,用户评分
485495,一汽大众,捷达VS5,2019款 280TSI 自动 荣耀型,捷达VS5左前玲珑轮胎开裂希望尽快解决,轮胎,开裂,,,,,2020/6/17,处理反馈
485491,一汽马自达,马自达CX-4,2018款 2.0L 自动 两驱 蓝天品位升级版 国VI,一汽马自达CX-4前保险杠左右两边开裂,车身附件及电器,部件开裂,,,,,2020/6/17,信息审核
485486,众泰汽车,众泰T700,2017款 1.8T 双离合 尊贵型,众泰T700电动踏板变形触摸锁及车窗升降失灵,车身附件及电器,部件开裂,车身附件及电器,车窗升降故障,配件争议,无零配件,2020/6/17,处理反馈
485482,吉利汽车,星越,2019款 350T 耀星者,吉利星越车机系统升级后仍然出现卡顿,,服务流程不完善,,,服务流程不完善,系统升级问题,2020/6/17,处理反馈
485476,上汽集团,名爵6,2017款 20T 自动 豪华智联版 国V,上汽名爵6低速抖动顿挫 变速箱高温停止工作,变速器,顿挫,变速器,抖动,,,2020/6/17,用户评分
485471,吉利汽车,星越,2019款 350T 驭星者,吉利星越车机系统升级后依然出现卡顿现象,,服务流程不完善,,,服务流程不完善,系统升级问题,2020/6/17,处理反馈
485468,众泰汽车,众泰SR9,2017款 2.0T 自动 极致之梦版,众泰SR9保修期内变速箱频繁故障,变速器,故障灯亮,,,,,2020/6/17,处理反馈
485467,众泰汽车,众泰T700,2017款 1.8T 双离合 尊贵型,众泰T700无钥匙进入失灵 门把手炸裂,车身附件及电器,车门把手故障,,配件争议,配件争议,无零配件,2020/6/17,处理反馈
485463,上汽通用五菱,五菱荣光小卡,2019款 1.5L 基本型 双排 L3C 国VI,上汽通用五菱荣光小卡发动机无动力,发动机,功率不足,发动机,熄火,,,2020/6/17,处理反馈
485462,吉利汽车,博越,2020款 1.8TD DCT 智领PRO,吉利博越挡位显示灯与宣传不符欺骗消费者,,销售欺诈,,,销售欺诈,与宣传不符,2020/6/17,处理反馈
485461,一汽-大众奥迪,奥迪A6L,2020款 40 TFSI 豪华动感型,一汽大众奥迪A6L发动机漏油希望厂家处理,发动机,漏油,,,,,2020/6/17,信息审核
485460,上汽大众,Polo,2018款 1.5L 自动 安享型,上汽大众Polo发动机舱有异味C柱内部异响,车身附件及电器,车内异味,车身附件及电器,车身异响,,,2020/6/17,信息审核
485458,广汽本田,飞度,2014款 1.5L CVT LX舒适型,广汽本田飞度发动机启动困难存在质量问题,发动机,无法启动,,,,,2020/6/17,处理反馈
485453,吉利汽车,博越,2020款 1.8TD DCT 智慧PRO,吉利博越与宣传完不符没有雾灯和挡位灯,,销售欺诈,,,销售欺诈,与宣传不符,2020/6/17,用户评分
485449,一汽马自达,阿特兹,2020款 2.5L 蓝天尊崇版,一汽马自达阿特兹车身AB柱天窗有异响,车身附件及电器,中控台异响,车身附件及电器,车身异响,,,2020/6/17,处理反馈
485448,零跑汽车,零跑S01,2020款 460 标准版,零跑S01动力消失仪表提示系统故障,发动机,动力消失,,,,,2020/6/17,信息审核
485447,华晨中华,中华V3,2016款 1.5L 手动 智能型,华晨中华V3行驶中方向跑偏希望厂家处理,前后桥及悬挂系统,吃胎偏磨,前后桥及悬挂系统,跑偏,,,2020/6/17,信息审核
485446,吉利汽车,博越,2020款 1.8TD DCT 智尊PRO,吉利博越变速箱无挡位显示灯与宣传不符,,销售欺诈,,,销售欺诈,与宣传不符,2020/6/17,用户评分
485444,东风标致,标致408,2015款 1.2T 自动 豪华版,东风标致408召回正时皮带后烧机油,发动机,烧机油,,其他,,,2020/6/17,处理反馈
485440,吉利汽车,博越,2020款 1.8TD DCT 智联PRO,吉利博越配置与宣传不符 音响杂音 座椅异响,车身附件及电器,影音系统故障,车身附件及电器,车内异响,销售欺诈,与宣传不符,2020/6/17,处理反馈
485439,一汽-大众奥迪,奥迪A3,2017款 Sportback 2.0T 双离合 运动型,一汽大众奥迪A3车载地图无法升级,车身附件及电器,导航问题,,,,,2020/6/17,信息审核
485438,猎豹汽车,Mattu,2018款 1.6T GDI DCT 尊贵型,猎豹Mattu发动机故障灯亮变速箱无动力输出,发动机,故障灯亮,变速器,无法加速,,,2020/6/17,信息审核
485434,东风小康,小康K02,2019款 1.2L K02L 国VI DK12,东风小康K02发动机故障灯亮无法加速,发动机,故障灯亮,制动系统,刹车失灵,,,2020/6/17,处理反馈
485431,奇瑞汽车,捷途X70,2019款 1.5T DCT 悦行版,捷途X70才买半年底盘到处生锈要求处理,车身附件及电器,中控台异响,车身附件及电器,天窗异响,,,2020/6/17,用户评分
485430,一汽吉林,森雅R9,2018款 1.2T 自动 尊贵智悦型,森雅R9挡杆卡死无法换挡希望处理,变速器,无法换挡,,,,,2020/6/17,信息审核
485428,江淮汽车,瑞风S7,2017款 1.5T 自动 豪华智能型,江淮瑞风S7转向异响 发动机报警 变速箱脱挡,发动机,故障灯亮,变速器,脱挡,,,2020/6/17,处理反馈
485418,吉利汽车,缤越,2019款 260T DCT 骑士 国VI,吉利缤越门窗漏风车机系统升级未兑现,,承诺不兑现,,,承诺不兑现,服务承诺不兑现,2020/6/17,用户评分
485409,一汽马自达,阿特兹,2020款 2.5L 蓝天尊崇版,一汽马自达阿特兹左右两侧B柱位置异响,车身附件及电器,车身异响,,,,,2020/6/17,处理反馈
485406,众泰汽车,大迈X7,2017款 2.0T DCT 至尊型,众泰大迈X7行驶中座椅自动调节位置,车身附件及电器,座椅故障,,,,,2020/6/17,处理反馈
485405,华晨宝马,宝马3系,2020款 325i M运动套装,华晨宝马3系防冻液泄漏 韩泰轮胎爆胎,发动机,漏防冻液,发动机,冷却系统故障,,,2020/6/17,处理反馈
485404,北京奔驰,奔驰C级,2016款 200 L,北京奔驰C级两侧空调出风口出风温度不一致,车身附件及电器,空调问题,,,,,2020/6/17,信息审核
485398,一汽马自达,阿特兹,2020款 2.5L 蓝天尊崇版,一汽马自达阿特兹行驶中B柱异响,车身附件及电器,车身异响,,,,,2020/6/17,用户评分
485396,一汽-大众,宝来,2018款 1.5L 自动 时尚型,一汽大众宝来电瓶亏电厂家拒绝更换,车身附件及电器,电瓶故障,,服务态度,服务态度,不予索赔,2020/6/17,用户评分
485395,东风日产,轩逸,2019款 1.6XV CVT 智联尊享版 国VI,东风日产轩逸发动机热车后异响4S店不解决,发动机,异响,车身附件及电器,空调问题,服务态度,不解决问题,2020/6/17,处理反馈
485393,一汽马自达,马自达CX-4,2020款 2.0L 自动 两驱 蓝天活力版,一汽马自达CX-4行驶过程中车身天窗异响,车身附件及电器,车身异响,车身附件及电器,天窗异响,,,2020/6/17,处理反馈
485390,长安铃木,启悦,2015款 1.6L 手动 舒享型,长安铃木启悦后减震器明显渗油售后不予质保,前后桥及悬挂系统,减震器漏油,,,,,2020/6/17,处理反馈
485389,一汽吉林,森雅R9,2018款 1.2T 自动 旗舰智享型,一汽吉林森雅R9胎压稳定器及倒车影像故障,车身附件及电器,影音系统故障,车身附件及电器,胎压监测故障,配件争议,无零配件,2020/6/17,信息审核
485388,广汽丰田,凯美瑞,2010款 240G 2.4 自动 G-Book 智能领航版,广汽丰田凯美瑞中控台异味出油反光,车身附件及电器,仪表台开裂,,,,,2020/6/17,用户评分
485387,吉利汽车,博越,2020款 1.8TD DCT 智尊PRO,吉利博越实际无挡位灯和雾灯与宣传不符,,销售欺诈,,,销售欺诈,与宣传不符,2020/6/17,处理反馈
485385,海马汽车,海马M6,2016款 1.6L 手动 舒适型,海马M6发动机异响 底盘生锈 中控异响,发动机,异响,前后桥及悬挂系统,底盘异响,,,2020/6/17,处理反馈
485374,广汽本田,皓影,2020款 240TURBO CVT 两驱 幻夜版,广汽本田皓影后尾灯进水4S店不做处理,车身附件及电器,车灯进水,,,,,2020/6/17,处理反馈
485371,东风本田,艾力绅,2019款 2.0L 混动舒适版,东风本田艾力绅高速行驶中发动机多次失速,发动机,动力消失,发动机,无法提速,服务态度,不解决问题,2020/6/17,用户评分
485369,北京现代,瑞纳,2011款 1.4L 手动 舒适型 GS 两厢,北京现代瑞纳车身侧裙生锈希望厂家质保,车身附件及电器,车身生锈,,服务态度,服务态度,不予索赔,2020/6/17,处理反馈
485367,一汽-大众,探岳,2019款 330TSI 两驱 豪华型 国V,一汽大众探岳轮毂腐蚀严重影响美观,车身附件及电器,轮毂问题,,,,,2020/6/17,信息审核
485363,东风标致,标致408,2018款 350THP 自动 豪华版,东风标致408车辆无法进行异地首保,,服务态度,,,服务态度,不解决问题,2020/6/17,用户评分
485362,一汽马自达,阿特兹,2020款 2.5L 蓝天尊崇版,一汽马自达阿特兹车身及天窗异响,车身附件及电器,车身异响,车身附件及电器,天窗异响,,,2020/6/17,用户评分
485360,一汽-大众,探岳,2019款 330TSI 两驱 豪华型 国Ⅵ,一汽大众探岳低速行驶过程中变速箱异响,变速器,异响,,,,,2020/6/17,处理反馈
485357,一汽-大众,速腾,2018款 280TSI DSG熠动版,一汽大众速腾韩泰轮胎老化有裂纹要求处理,轮胎,开裂,,,,,2020/6/17,处理反馈
485355,一汽-大众,速腾,2018款 280TSI 双离合 旗舰型,一汽大众速腾韩泰轮胎严重老化开裂,轮胎,开裂,,,,,2020/6/17,处理反馈
485352,知豆电动车,知豆D2,2018款 D2S,知豆D2差速器故障踩油门后出现异响,前后桥及悬挂系统,差速器异响,,,,,2020/6/17,厂家受理
485351,上汽大众,途观L,2017款 380TSI 四驱 旗舰版,上汽大众途观L变速箱异响严重希望处理,变速器,异响,,,,,2020/6/17,用户评分
485349,吉利汽车,星越,2019款 350T 耀星者,吉利星越车机系统升级后出现卡顿现象,,服务流程不完善,,,服务流程不完善,系统升级问题,2020/6/17,处理反馈
485340,长城汽车,长城C30,2012款 1.5 CVT 豪华型,长安C30全车多处锈蚀 车漆起皮影响安全,车身附件及电器,车身生锈,车身附件及电器,漆面起泡开裂,,,2020/6/17,处理反馈
485338,长安凯程,睿行M90,2018款 2.0L 超值型 平顶背掀门 4G94S 6座,长安凯程睿行M90点火线圈及分缸线损坏,发动机,漏油,发动机,点火线圈故障,服务态度,不予索赔,2020/6/17,信息审核
485333,奔驰（进口）,奔驰GLA,2015款 200 5座,进口奔驰GLA自动驻车系统和ABS故障灯亮,转向系统,打方向沉重,制动系统,手刹故障,,,2020/6/17,信息审核
485330,北京现代,途胜,2019款 280TGDi 双离合 两驱 时尚版 国VI,北京现代途胜经销商换错机油 机油增多,发动机,机油增多,,人员技术,人员技术,操作不规范,2020/6/17,用户评分
485329,一汽马自达,阿特兹,2020款 2.5L 蓝天运动版,一汽马自达阿特兹B柱及内饰异响影响安全,转向系统,异响,车身附件及电器,车内异响,,,2020/6/17,处理反馈
485326,上汽大众,途观L,2017款 330TSI 两驱 旗舰版,上汽大众途观330L变速箱报警要求厂家召回,变速器,故障灯亮,变速器,电脑板故障,服务态度,不予索赔,2020/6/17,用户评分
485320,奇瑞汽车,瑞虎5x,2017款 1.5T 自动 精英型,奇瑞瑞虎5x后轮胎内侧吃胎偏磨严重,前后桥及悬挂系统,吃胎偏磨,,,,,2020/6/17,处理反馈
485319,广汽本田,飞度,2014款 1.5L 手动 LX舒适型,广汽本田飞度冷启动VTC动作器异响,发动机,异响,,,,,2020/6/17,处理反馈
